date_publish,month,media_name,media_scope,media_tier,page_link,title,content,journalist_name,tone_article,quote_mention,type_mention
"Sep 24, 2026",September,PEWARTA.CO.ID,National,Tier 3,https://www.pewarta.co.id/2026/09/nadiem-hadapi-putusan-banding-kasus-chromebook-dapat-dukungan-ojol-dan-amsal-sitepu.html,"Nadiem Hadapi Putusan Banding Kasus Chromebook, Dapat Dukungan Ojol dan Amsal Sitepu","PEWARTA.CO.ID — Mantan Menteri Pendidikan, Kebudayaan, Riset, dan Teknologi (Mendikbudristek) Nadiem Anwar Makarim menghadapi pembacaan putusan banding perkara dugaan korupsi pengadaan Chromebook di Pengadilan Tinggi DKI Jakarta, Kamis (24/9/2026).

Nadiem tiba sekitar pukul 09.05 WIB dengan didampingi keluarganya. Kedatangannya juga disambut sejumlah sopir ojek online (ojol) Gojek yang telah menunggu di gerbang Pengadilan Tinggi DKI Jakarta.

Nadiem sempat menyapa para sopir ojol tersebut sebelum memasuki kawasan pengadilan. Ia terlihat terharu ketika menerima dukungan dari para pengemudi yang hadir.

Dukungan juga datang dari Amsal Sitepu yang berada di kawasan Pengadilan Tinggi DKI Jakarta. Amsal menemui Nadiem dan memberikan dukungan menjelang agenda pembacaan putusan banding.

Sementara itu, keluarga Nadiem hadir dengan mengenakan pakaian berwarna putih. Mereka turut mendampingi dan memberikan dukungan kepada Nadiem selama menghadapi persidangan.

Sebelum sidang dimulai, Nadiem menyampaikan permohonan doa dan dukungan kepada masyarakat. Ia menyebut pembacaan putusan tersebut sebagai momen penting dalam perkara yang dihadapinya.

""Hari ini keputusan Pengadilan Tinggi atas kasus saya. Saya ingin mohon doa dan dukungan dari masyarakat untuk hari ini. Ini hari yang sangat penting,"" kata Nadiem di Pengadilan Tinggi DKI Jakarta, Kamis (24/9/2026).

Nadiem juga mengatakan dirinya telah berupaya membuktikan bahwa tidak terdapat perbuatan pidana yang dilakukannya sebagaimana yang dituduhkan jaksa.

Ia berharap proses persidangan dapat mempertimbangkan fakta-fakta yang telah disampaikan selama persidangan.

""Hari ini ya kita menentukan apakah keadilan masih berdiri di negara tercinta kita hari ini, apakah hakim-hakim akan menggunakan fakta persidangan dan hati nurani mereka, dan bukan pertimbangan lainnya,"" ujarnya.

Sidang di Pengadilan Tinggi DKI Jakarta tersebut menjadi tahap lanjutan setelah perkara dugaan korupsi pengadaan Chromebook yang menjerat Nadiem memasuki proses banding. Agenda hari ini adalah pembacaan putusan atas permohonan banding tersebut.",Redaksi PEWARTA,Negative,,
"Sep 24, 2026",September,AFU.ID,National,Tier 3,https://afu.id/hukum-kriminal/hasil-putusan-banding-nadiem-hukuman-dipangkas-jadi-9-tahun-uang-pengganti-turun-menjadi-rp548-miliar,"Hasil Putusan Banding Nadiem: Hukuman Dipangkas Jadi 9 Tahun, Uang Pengganti Turun Menjadi Rp548 miliar.","Pengadilan Tinggi Jakarta telah mengurangi hukuman mantan Mendikbudristek Nadiem Makarim dari 10 tahun menjadi 9 tahun penjara dalam kasus korupsi pengadaan laptop Chromebook, serta menurunkan kewajiban uang pengganti dari Rp809 miliar menjadi Rp548 miliar. Meskipun hukuman lebih ringan, Nadiem tetap dinyatakan bersalah atas tindak pidana korupsi, dan harus membayar denda sebesar Rp1 miliar dalam waktu satu bulan setelah putusan berkekuatan hukum tetap.

JAKARTA, AFU.ID â Pengadilan Tinggi Jakarta mengurangi hukuman mantan Menteri Pendidikan, Kebudayaan, Riset, dan Teknologi (Mendikbudristek) Nadiem Makarim dalam perkara korupsi pengadaan laptop berbasis Chromebook. Dalam putusan banding yang dibacakan Kamis (24/9/2026), majelis hakim memangkas vonis penjara Nadiem dari 10 tahun menjadi 9 tahun. Selain itu, nilai uang pengganti yang harus dibayar juga dikurangi dari Rp809 miliar menjadi Rp548 miliar.

Ketua Majelis Hakim Subachran Hardi Mulyono menyatakan Nadiem tetap terbukti bersalah dalam perkara tersebut, namun hukuman yang dijatuhkan lebih ringan dibandingkan putusan pengadilan tingkat pertama. ""Menjatuhkan pidana kepada terdakwa Nadiem Anwar Makarim oleh karena itu dengan pidana penjara selama 9 tahun dan pidana denda sejumlah Rp1 miliar,"" kata hakim saat membacakan amar putusan.

Selain mengurangi hukuman penjara, majelis hakim juga menurunkan kewajiban pembayaran uang pengganti. Jika sebelumnya Nadiem diwajibkan membayar Rp809 miliar, kini jumlahnya menjadi Rp548 miliar. Dengan demikian, terdapat pengurangan sebesar Rp261 miliar dari putusan sebelumnya. Nominal tersebut menjadi salah satu poin yang dikabulkan majelis hakim dalam tingkat banding.

Hakim menjelaskan, uang pengganti wajib dibayar paling lambat satu bulan setelah putusan berkekuatan hukum tetap. Jika tidak dibayar, jaksa dapat menyita serta melelang harta benda milik terpidana untuk menutupi kewajiban tersebut. Ketentuan serupa juga berlaku terhadap pembayaran denda Rp1 miliar yang dijatuhkan kepada Nadiem. Apabila aset yang dimiliki tidak mencukupi, pidana pengganti akan diberlakukan sesuai amar putusan.

Sebelumnya, Pengadilan Tindak Pidana Korupsi (Tipikor) Jakarta Pusat menjatuhkan vonis 10 tahun penjara kepada Nadiem pada 30 Juni 2026. Dalam putusan tingkat pertama tersebut, ia juga dikenai denda Rp1 miliar serta uang pengganti sebesar Rp809 miliar. Majelis hakim menyatakan Nadiem terbukti melakukan tindak pidana korupsi secara bersama-sama dalam proyek pengadaan laptop berbasis Chromebook. Putusan banding kini memangkas hukuman penjara satu tahun dan mengurangi nilai uang pengganti sebesar Rp261 miliar. (RHU)",Radiatul Husna,Negative,Subachran Hardi Mulyono,Subachran Hardi Mulyono (direct)
,,SABANGMERAUKENEWS.COM,National,Tier 3,https://www.sabangmeraukenews.com/berita/40986/tok-vonis-nadiem-dipangkas-jadi-9-tahun-uang-pengganti-turun-rp548-miliar.html,"Tok! Vonis Nadiem Dipangkas Jadi 9 Tahun, Uang Pengganti Turun Rp548 Miliar - Sabang Merauke NEWS","JAKARTA, SabangMerauke News - Pengadilan Tinggi DKI Jakarta memangkas hukuman Nadiem Anwar Makarim dalam perkara korupsi pengadaan Chromebook dari 10 tahun menjadi 9 tahun penjara. Dalam putusan banding yang dibacakan Kamis (24/9/2026), majelis hakim juga menurunkan kewajiban uang pengganti dari sekitar Rp809 miliar menjadi Rp548,76 miliar.

Selain hukuman penjara, Nadiem tetap dijatuhi denda Rp1 miliar. Majelis hakim menetapkan uang pengganti sebesar Rp548.761.031.950,86. Jika kewajiban tersebut tidak dibayar setelah putusan berkekuatan hukum tetap, harta benda Nadiem dapat disita dan dilelang. Jika hasilnya tidak mencukupi, kewajiban tersebut diganti dengan pidana penjara enam tahun.

Ketua Majelis Hakim Pengadilan Tinggi DKI Jakarta Subachran Hardi Mulyana menyatakan Nadiem terbukti bersalah dalam perkara tersebut.

“Menjatuhkan pidana kepada Terdakwa Nadiem Anwar Makarim oleh karena itu dengan pidana penjara selama 9 tahun dan pidana denda sejumlah Rp1 miliar,” kata Subachran saat membacakan amar putusan, Kamis (24/9/2026).»

Majelis hakim juga menetapkan masa tahanan rumah yang telah dijalani Nadiem diperhitungkan seluruhnya sebagai bagian dari masa pidana. Nadiem diperintahkan tetap menjalani tahanan rumah.

Untuk uang pengganti, majelis hakim menjelaskan pengurangan dilakukan dengan mempertimbangkan asas proporsionalitas dan individualisasi pidana. Hakim menyatakan kewajiban pemulihan kerugian negara tidak boleh dibebankan melebihi peran terdakwa dalam tindak pidana yang terbukti.

Dalam perkara tersebut, hakim menyatakan kerugian negara mencapai Rp1.567.888.662.716,74 atau sekitar Rp1,5 triliun. Majelis menilai Nadiem, yang ketika itu menjabat Menteri Pendidikan, Kebudayaan, Riset, dan Teknologi, merupakan pelaku utama sehingga tetap dibebani tanggung jawab untuk memulihkan kerugian negara.

Namun, majelis hakim juga membagi tanggung jawab pembayaran uang pengganti kepada pihak lain yang dinilai memperoleh keuntungan dari proyek tersebut. Nadiem dibebankan 35 persen dari nilai kerugian negara, distributor 15 persen, sedangkan Google dibebankan 50 persen setelah memperhitungkan uang pengganti yang telah dibayarkan pihak lain.

Sebelumnya, Pengadilan Tipikor pada Pengadilan Negeri Jakarta Pusat menjatuhkan hukuman 10 tahun penjara kepada Nadiem. Ia juga dijatuhi denda Rp1 miliar serta diwajibkan membayar uang pengganti sekitar Rp809 miliar dengan ketentuan pidana tambahan lima tahun apabila tidak mampu membayar.

Putusan tingkat pertama tersebut kemudian diajukan banding oleh Nadiem. Pengadilan Tinggi DKI Jakarta akhirnya mengurangi hukuman penjara satu tahun sekaligus menurunkan nilai uang pengganti yang harus dibayarkan.

Meski hukuman dan uang pengganti berubah, putusan banding tetap menyatakan Nadiem bersalah dalam perkara pengadaan Chromebook dan Chrome Device Management (CDM) pada program digitalisasi pendidikan di Kemendikbudristek. (R-07)",Katuju,Negative,Subachran Hardi Mulyana,Subachran Hardi Mulyana (direct)
"Sep 24, 2026",September,BELITUNG.TRIBUNNEWS.COM,National,Tier 1,https://belitung.tribunnews.com/news/217785/hukuman-nadiem-makarim-diringankan-jadi-9-tahun-penjara-di-kasus-chromebook,Hukuman Nadiem Makarim Diringankan Jadi 9 Tahun Penjara di Kasus Chromebook,"POS BELITUNG -- Hukuman mantan Menteri Pendidikan, Kebudayaan, Riset, dan Teknologi (Mendikbudristek) Nadiem Anwar Makarim dalam perkara dugaan korupsi pengadaan laptop Chromebook mengalami perubahan pada tingkat banding.

Pengadilan Tinggi (PT) Jakarta menjatuhkan hukuman 9 tahun penjara kepada Nadiem dalam sidang putusan banding yang digelar Kamis (24/9/2026).

Vonis tersebut lebih ringan dibandingkan putusan Pengadilan Tipikor Jakarta Pusat sebelumnya yang menjatuhkan hukuman 10 tahun penjara.

""Menjatuhkan pidana kepada Terdakwa Nadiem Anwar Makarim oleh karena itu dengan pidana penjara selama 9 (sembilan) tahun,"" ucap Ketua Majelis Hakim Subachran Hardi Mulyono.

Selain hukuman penjara, majelis hakim tingkat banding tetap menjatuhkan denda sebesar Rp1 miliar. Denda tersebut wajib dibayarkan dalam waktu satu bulan setelah putusan berkekuatan hukum tetap dan dapat diperpanjang paling lama satu bulan.

Apabila denda tidak dibayarkan, hukuman tersebut akan diganti dengan pidana kurungan selama 140 hari.

""Dan pidana denda sejumlah Rp1.000.000.000,"" kata hakim.

Majelis hakim banding juga menetapkan kewajiban pembayaran uang pengganti sebesar Rp548.761.031.950,86 dengan pidana pengganti selama enam tahun penjara.

""Menghukum Terdakwa membayar uang pengganti sebesar lima ratus empat puluh delapan miliar tujuh ratus enam puluh satu juta tiga puluh satu ribu sembilan ratus lima puluh rupiah delapan puluh enam sen,"" ucap hakim.

Sebelumnya, Nadiem divonis 10 tahun penjara oleh majelis hakim Pengadilan Tipikor Jakarta Pusat pada Selasa (30/6/2026).

Dalam putusan tersebut, hakim menyatakan Nadiem terbukti melakukan tindak pidana korupsi terkait pengadaan Chromebook dan Chrome Device Management (CDM) dalam program digitalisasi pendidikan di Kemendikbudristek untuk tahun anggaran 2019-2022.

""Menjatuhkan pidana kepada terdakwa oleh karena itu dengan pidana penjara 10 tahun dan denda Rp1 miliar,"" kata ketua majelis hakim Purwanto S. Abdullah saat membacakan amar putusan, dalam persidangan di Pengadilan Tipikor Jakarta, Selasa (30/6/2026).

Majelis hakim ketika itu menyatakan dakwaan primer jaksa tidak terbukti.

Namun, Nadiem dinyatakan bersalah berdasarkan dakwaan subsider yang merujuk pada Pasal 604 juncto Pasal 18 UU Tindak Pidana Korupsi juncto Pasal 20 huruf c UU No 1 Tahun 2023 tentang KUHP.

Selain pidana penjara dan denda, putusan tingkat pertama juga membebankan uang pengganti sebesar Rp809 miliar.

Isi komentar sepenuhnya adalah tanggung jawab pengguna dan diatur dalam UU ITE.",Vigestha Repit Dwi Yarda,Negative,,
"Sep 24, 2026",September,NTVNEWS.ID,National,Tier 3,https://www.ntvnews.id/news/01119574/hukuman-nadiem-makarim-dikurangi-jadi-9-tahun-penjara,Hukuman Nadiem Makarim Dikurangi Jadi 9 Tahun Penjara,"Ntvnews.id , Jakarta - Pengadilan Tinggi DKI Jakarta mengubah hukuman terhadap Menteri Pendidikan, Kebudayaan, Riset, dan Teknologi periode 2019-2024 Nadiem Anwar Makarim dalam perkara dugaan korupsi pengadaan Chromebook . Hukuman penjara Nadiem dikurangi dari 10 tahun menjadi 9 tahun.

Putusan tersebut dibacakan oleh Ketua Majelis Hakim Subachran Hardi Mulyana dalam sidang banding di Pengadilan Tinggi DKI Jakarta, Kamis, 24 September 2026.

Majelis hakim menilai putusan pengadilan tingkat pertama tidak seluruhnya dapat dipertahankan. Namun, bagian yang dinilai telah sesuai dengan fakta hukum dan penerapan hukum tetap dipertahankan dalam putusan tingkat banding.

""Sementara terhadap pertimbangan hukum Majelis Hakim pada Tingkat Pertama yang telah sesuai dengan fakta hukum dan penerapan hukum yang benar tetap dipertahankan serta diambil alih sebagai bagian yang tidak terpisahkan dalam putusan banding ini,"" kata Hakim Ketua saat membacakan putusan dalam sidang banding di Pengadilan Tinggi DKI Jakarta, Kamis.

Selain mengurangi masa hukuman penjara, Pengadilan Tinggi DKI Jakarta juga mengubah besaran pidana denda dan pidana tambahan yang harus dijalani Nadiem.

Pidana denda tetap sebesar Rp1 miliar, tetapi masa kurungan pengganti dikurangi dari 190 hari menjadi 140 hari. Sementara itu, pidana tambahan diturunkan menjadi Rp548,76 miliar subsider 6 tahun penjara, dari sebelumnya Rp809,59 miliar subsider 5 tahun penjara.

Dalam menjatuhkan putusan banding, majelis hakim turut mempertimbangkan kondisi yang memberatkan dan meringankan Nadiem.

Hal yang memberatkan adalah perbuatan Nadiem dinilai tidak mendukung program pemerintah dalam upaya pemberantasan korupsi. Adapun faktor yang meringankan antara lain sikap Nadiem selama persidangan, jasanya dalam membuka lapangan pekerjaan di bidang transportasi, belum pernah menjalani hukuman, serta masih memiliki tanggungan keluarga.

Perkara tersebut berkaitan dengan dugaan korupsi program digitalisasi pendidikan berupa pengadaan laptop Chromebook dan Chrome Device Management (CDM) di lingkungan Kemendikbudristek pada 2019-2022.

Dalam perkara itu, Nadiem dinyatakan terbukti melakukan korupsi melalui penyalahgunaan wewenang yang mengakibatkan kerugian keuangan negara sebesar Rp1,56 triliun.

Perbuatan tersebut antara lain berkaitan dengan pengadaan sarana pembelajaran berbasis teknologi informasi dan komunikasi berupa laptop Chromebook serta CDM untuk tahun anggaran 2020, 2021, dan 2022. Pengadaan itu disebut tidak sesuai dengan perencanaan serta prinsip-prinsip pengadaan.

Perbuatan Nadiem disebut dilakukan bersama tiga terdakwa lain yang telah memperoleh putusan dalam perkara terpisah, yaitu Ibrahim Arief alias Ibam, Mulyatsyah, dan Sri Wahyuningsih. Sementara itu, Jurist Tan masih berstatus buron.

Atas perkara tersebut, Nadiem dinyatakan melanggar Pasal 3 juncto Pasal 18 Undang-Undang Nomor 31 Tahun 1999 tentang Pemberantasan Tindak Pidana Korupsi sebagaimana telah diubah dan ditambah dengan Undang-Undang Nomor 20 Tahun 2001 juncto Pasal 55 ayat (1) ke-1 KUHP.",Jihan Dwicahya,Negative,,
"Sep 24, 2026",September,KOMPAS.COM,National,Tier 1,https://nasional.kompas.com/read/2026/09/24/14174051/hal-yang-memberatkan-dan-meringankan-hukuman-nadiem-dalam-kasus-chromebook,Hal yang Memberatkan dan Meringankan Hukuman Nadiem dalam Kasus Chromebook,"JAKARTA, KOMPAS.com - Majelis Hakim Pengadilan Tinggi (PT) Jakarta mengungkap sejumlah pertimbangan yang memberatkan dan meringankan hukuman mantan Menteri Pendidikan, Kebudayaan, Riset, dan Teknologi (Mendikbudristek) Nadiem Anwar Makarim dalam perkara korupsi pengadaan Chromebook.

Majelis hakim menilai, perbuatan Nadiem menjadi hal yang memberatkan karena dinilai tidak mendukung program pemerintah yang sedang gencar-gencarnya melakukan pemberantasan korupsi.

""Perbuatan terdakwa tidak mendukung program pemerintah yang sedang gencar-gencarnya melakukan pemberantasan korupsi,"" kata Ketua Majelis Hakim Subachran Hardi Mulyono, dalam sidang di Pengadilan Tinggi Jakarta , Kamis (24/9/2026).

Sementara itu, majelis hakim mempertimbangkan sejumlah hal yang meringankan Nadiem.

Nadiem dinilai bersikap sopan selama menjalani persidangan.

""Terdakwa bersikap sopan di persidangan, terdakwa telah berjasa dalam membuka lapangan pekerjaan bagi masyarakat dibidang transportasi,"" ungkap dia.

Selain itu, status Nadiem yang belum pernah dihukum serta memiliki tanggungan juga menjadi pertimbangan yang meringankan.

Dalam putusannya, Majelis Hakim Pengadilan Tinggi Jakarta mengubah hukuman Nadiem menjadi 9 tahun penjara, denda Rp 1 miliar, serta pidana uang pengganti sebesar Rp 548 miliar.

""Menjatuhkan pidana kepada terdakwa Nadiem Anwar Makarim oleh karena itu dengan pidana penjara selama 9 tahun dan pidana denda sejumlah Rp 1 miliar yang harus dibayar dalam jangka waktu 1 bulan dan dapat diperpanjang untuk paling lama 1 bulan sejak putusan berkekuatan hukum tetap,"" ucap Subachran.

Majelis hakim Pengadilan Tindak Pidana Korupsi (Tipikor) pada Pengadilan Negeri Jakarta Pusat menjatuhkan vonis hukuman 10 tahun penjara kepada Nadiem Makarim dalam kasus korupsi pengadaan laptop berbasis Chromebook .

""Menjatuhkan pidana kepada terdakwa oleh karena itu dengan pidana penjara selama 10 tahun,"" kata Ketua Majelis Hakim Purwanto S Abdullah saat membacakan amar putusan di Pengadilan Tipikor Jakarta, Selasa (30/6/2026).

Menurut majelis hakim, Nadiem terbukti melakukan tindak pidana korupsi secara bersama-sama sesuai dakwaan jaksa.

Selain pidana penjara, majelis hakim menjatuhkan pidana denda sebesar Rp 1 miliar dengan ketentuan apabila tidak dibayar maka diganti dengan pidana kurungan selama 190 hari.

Majelis hakim juga menjatuhkan pidana tambahan kepada Nadiem berupa kewajiban membayar uang pengganti sebesar Rp 809 miliar subsider 5 tahun penjara.

Majelis hakim pun menetapkan masa penahanan yang telah dijalani Nadiem dikurangkan seluruhnya dari pidana yang dijatuhkan.

Apabila harta benda terdakwa tidak mencukupi maka hukuman uang pengganti itu diganti dengan pidana penjara selama sembilan tahun.

Bayangkan seorang anak Indonesia bercita-cita menjadi dokter tetapi hanya memiliki satu buku lusuh untuk belajar. Bersama Ekspedisi Kata ke Nyata Kompas.com, Anda bisa membantu mengubah kisah itu. Mari hadirkan akses literasi bagi anak-anak di berbagai pelosok Indonesia melalui donasi lewat tautan https://bit.ly/JagatLiterasi2026 . Setiap kebaikan yang Anda berikan bukan hanya membuka jendela pengetahuan, tetapi juga membuka masa depan mereka.",Febryan Kevin Candra Kurniawan,Negative,"Subachran Hardi, Purwanto","Subachran Hardi (direct), Purwanto (direct)"
"Sep 24, 2026",September,CHANNEL9.ID,National,Tier 3,https://channel9.id/putusan-banding-hukuman-nadiem-makarim-dipangkas-jadi-9-tahun-penjara/,"Putusan Banding, Hukuman Nadiem Makarim Dipangkas Jadi 9 Tahun Penjara","Channel9.id - Jakarta. Pengadilan Tinggi (PT) DKI Jakarta mengurangi hukuman mantan Menteri Pendidikan, Kebudayaan, Riset, dan Teknologi (Mendikbud Ristek) Nadiem Makarim menjadi 9 tahun penjara dalam kasus korupsi pengadaan laptop Chromebook dan Chrome Device Management (CDM) tahun anggaran 2020-2022. Putusan tersebut dibacakan majelis hakim tingkat banding pada Kamis (24/9/2026). Majelis menyatakan Nadiem terbukti secara sah dan meyakinkan melakukan tindak pidana korupsi secara bersama-sama sebagaimana dakwaan subsidair jaksa penuntut umum (JPU). ""Menyatakan Terdakwa Nadiem Anwar Makarim telah terbukti secara sah dan meyakinkan bersalah melakukan tindak pidana korupsi yang dilakukan secara bersama-sama sebagaimana dalam dakwaan subsidair Penuntut Umum,"" kata Ketua Majelis Hakim PT DKI Jakarta Subachan Hardi Mulyana saat membacakan amar putusan. Selain hukuman penjara, majelis menjatuhkan denda Rp1 miliar kepada Nadiem. Denda tersebut harus dibayarkan dalam waktu satu bulan setelah putusan berkekuatan hukum tetap dan dapat diperpanjang paling lama satu bulan. ""Menjatuhkan pidana kepada Terdakwa Nadiem Anwar Makarim oleh karena itu dengan pidana penjara selama 9 tahun dan pidana denda sejumlah Rp1 miliar yang harus dibayar dalam jangka waktu 1 (satu) bulan dan dapat diperpanjang untuk paling lama satu bulan sejak putusan berkekuatan hukum tetap,"" ujar Subachan. Majelis hakim juga mengurangi besaran uang pengganti yang harus dibayar Nadiem. Uang pengganti ditetapkan menjadi Rp548.761.031.950,86 dengan ketentuan subsider 6 tahun kurungan. Hukuman tersebut lebih ringan dibandingkan putusan Pengadilan Tindak Pidana Korupsi (Tipikor) pada Pengadilan Negeri (PN) Jakarta Pusat. Pada tingkat pertama, Nadiem dijatuhi hukuman 10 tahun penjara dan denda Rp1 miliar subsider 190 hari penjara. Dalam putusan tingkat pertama, Nadiem juga diwajibkan membayar uang pengganti sebesar Rp809,5 miliar. Jika tidak dibayar, uang pengganti tersebut diganti dengan pidana penjara selama 5 tahun. Putusan tingkat banding itu tidak diambil secara bulat. Hakim anggota IV Andi Saputra menyampaikan pendapat berbeda atau dissenting opinion. Dalam pendapatnya, Andi menilai Nadiem seharusnya dibebaskan dari seluruh dakwaan dan tuntutan JPU. Menurut dia, Nadiem tidak terbukti melakukan tindak pidana korupsi yang merugikan keuangan negara. HT",Yana,Negative,Andi Saputra,Andi Saputra (direct)
"Sep 24, 2026",September,KOMPAS.COM,National,Tier 1,https://nasional.kompas.com/read/2026/09/24/14154711/hakim-minta-kejagung-usut-pihak-yang-terima-aliran-uang-korupsi-chromebook,Hakim Minta Kejagung Usut Pihak yang Terima Aliran Uang Korupsi Chromebook,"JAKARTA, KOMPAS.com - Majelis Hakim Pengadilan Tinggi Jakarta merekomendasikan Kejaksaan Agung kembali melakukan penyelidikan lanjutan terhadap pihak-pihak yang dinilai menerima keuntungan ilegal dalam perkara dugaan korupsi pengadaan Chromebook .

Hal tersebut terungkap dalam sidang putusan banding mantan Menteri Pendidikan, Kebudayaan, Riset, dan Teknologi (Mendikbudristek) Nadiem Makarim di Pengadilan Tinggi Jakarta , Kamis (24/9/2026).

""Menimbang bahwa sampai saat ini pihak-pihak diuntungkan dalam perkara tindak pidana korupsi pengadaan teknologi informasi dan komunikasi di Kemendikbud seperti pihak Google, korporasi penyedia laptop Chromebook belum diperiksa pada sidang Pengadilan Tindak Pidana Korupsi,"" jelas Ketua Majelis Hakim Subachran Hardi Mulyono dalam sidang di Pengadilan Tinggi Jakarta, Kamis (24/9/2026)

""Oleh karena itu, Majelis Hakim Pengadilan Tinggi merekomendasikan agar Penyidik pada Kejaksaan Agung Republik Indonesia melanjutkan penyidikan terhadap penerima keuntungan ilegal tersebut agar keuangan negara dapat dipulihkan kembali,"" lanjut dia.

Dalam putusan tersebut, majelis hakim mengubah hukuman Nadiem menjadi 9 tahun penjara, denda Rp 1 miliar, serta pidana uang pengganti sebesar Rp548 miliar.

""Menjatuhkan pidana kepada terdakwa Nadiem Anwar Makarim oleh karena itu dengan pidana penjara selama 9 tahun dan pidana denda sejumlah Rp 1 miliar yang harus dibayar dalam jangka waktu 1 bulan dan dapat diperpanjang untuk paling lama 1 bulan sejak putusan berkekuatan hukum tetap,"" ucap Subachran.

Hukuman tersebut lebih ringan dari yang dijatuhkan Pengadilan Tipikor Jakarat, yakni 10 tahun penjara dan uang pengganti Rp 809 miliar.

""Jika terdakwa tidak membayar uang pengganti tersebut paling lama 1 bulan sesudah putusan pengadilan telah berkekuatan hukum tetap, maka harta benda milik terdakwa dapat disita oleh jaksa dan dilelang untuk membayar uang pengganti,"" kata Subachran.

""Dalam hal terdakwa tidak mempunyai harta benda lagi yang cukup untuk membayar uang pengganti, maka terdakwa dijatuhi pidana penjara selama 6 tahun,"" ujar dia.

Bayangkan seorang anak Indonesia bercita-cita menjadi dokter tetapi hanya memiliki satu buku lusuh untuk belajar. Bersama Ekspedisi Kata ke Nyata Kompas.com, Anda bisa membantu mengubah kisah itu. Mari hadirkan akses literasi bagi anak-anak di berbagai pelosok Indonesia melalui donasi lewat tautan https://bit.ly/JagatLiterasi2026 . Setiap kebaikan yang Anda berikan bukan hanya membuka jendela pengetahuan, tetapi juga membuka masa depan mereka.",Febryan Kevin Candra Kurniawan,Negative,Subachran Hardi,Subachran Hardi (direct)
"Sep 24, 2026",September,FTNEWS.CO.ID,National,Tier 3,https://ftnews.co.id/hakim-tingkat-banding-ubah-vonis-nadiem-makarim-penjara-jadi-9-tahun-uang-pengganti-rp548-miliar,"Hakim Tingkat Banding Ubah Vonis Nadiem Makarim: Penjara Jadi 9 Tahun, Uang Pengganti Rp548 Miliar","Pengadilan Tinggi (PT) DKI Jakarta mengurangi vonis terhadap mantan Menteri Pendidikan, Kebudayaan, Riset, dan Teknologi (Mendikbudristek) periode 2019-2024, Nadiem Anwar Makarim.

Majelis hakim resmi memangkas vonis hukuman penjara Nadiem dari 10 tahun menjadi 9 tahun penjara terkait kasus korupsi pengadaan laptop Chromebook.

Hakim Ketua Subachran Hardi Mulyana dalam amar putusannya menyatakan bahwa putusan Majelis Hakim pada Pengadilan Tingkat Pertama tidak tepat untuk dipertahankan seluruhnya, sehingga perlu diubah pada bagian-bagian yang telah dipertimbangkan dan dinyatakan beralasan hukum.

""Sementara terhadap pertimbangan hukum Majelis Hakim pada Tingkat Pertama yang telah sesuai dengan fakta hukum dan penerapan hukum yang benar tetap dipertahankan serta diambil alih sebagai bagian yang tidak terpisahkan dalam putusan banding ini,"" ujar Subachran Mulyana saat membacakan putusan dalam sidang banding di Gedung PT DKI Jakarta, Kamis (24/9/2026).

Rincian Keringanan Hukuman Nadiem Makarim

Selain pidana pokok berupa penjara, PT DKI Jakarta turut meringankan beban pidana denda serta pidana tambahan yang dijatuhkan kepada pendiri platform teknologi terkemuka tersebut.

Berikut perincian perubahan putusan banding dibandingkan vonis tingkat pertama:",Rizki Nurmansyah,Negative,Subachran Mulyana,Subachran Mulyana (direct)
"Sep 24, 2026",September,REPUBLIKA.CO.ID,National,Tier 2,https://news.republika.co.id/berita/tluxe3409/hukuman-penjara-nadiem-berkurang-satu-tahun-di-putusan-banding,Hukuman Penjara Nadiem Berkurang Satu Tahun di Putusan Banding,"Majelis hakim banding memutuskan Nadiem tetap bersalah dalam perkara Chromebook.

REPUBLIKA.CO.ID, JAKARTA -- Eks Mendikbudristek Nadiem Makarim mendapat keringanan hukuman berkat tahapan banding dalam perkara korupsi pengadaan Chromebook. Ini menyusul Majelis hakim Pengadilan Tinggi Jakarta yang mendiskon hukuman Nadiem menjadi 9 tahun dari 10 tahun.

Vonis banding Nadiem dibacakan dalam sidang pembacaan putusan banding di Pengadilan Tinggi Jakarta, Kamis (24/9/2026). Majelis hakim banding memutuskan Nadiem tetap bersalah dalam perkara ini.

""Menjatuhkan pidana kepada Terdakwa Nadiem Anwar Makarim oleh karena itu dengan pidana penjara selama 9 tahun,"" kata hakim banding ketua, Subachran Hardi Mulyana dalam pembacaan putusan.

Majelis hakim banding juga mengubah hukuman uang pengganti terhadap Nadiem. Uang pengganti yang wajib dibayarkan Nadiem turun dari Rp 809 miliar menjadi Rp 548 miliar. Kalau tidak dibayar, maka harta benda Nadiem akan dirampas dan dilelang. Jika tidak mencukupi, maka diganti hukuman 6 tahun penjara.

""Jumlah uang pengganti yang telah dibayarkan akan diperhitungkan dengan lamanya pidana tambahan,"" ujar Hardi.

Selain itu, Nadiem dihukum membayar denda Rp 1 miliar. Kalau tak dibayar, diganti 140 hari penjara. Majelis hakim banding memastikan hakim PN Tipikor Jakarta Pusat sudah mempertimbangkan perkara secara tepat.

""Pertimbangan majelis hakim tingkat pertama telah mempertimbangkan perkara a quo secara tepat,"" ujar Hardi.

Sebelumnya, Nadiem mengajukan banding atas vonis kasus dugaan korupsi program digitalisasi pendidikan berupa pengadaan laptop Chromebook dan Chrome Device Management (CDM) di lingkungan Kemendikbudristek tahun 2019-2022. Pada kasus itu, Nadiem divonis 10 tahun penjara. Selain pidana penjara, Nadiem juga dikenakan pidana denda sebesar Rp1 miliar subsider 190 hari penjara dan uang pengganti senilai Rp809,59 miliar subsider 5 tahun penjara. Tapi di tingkat PN Jakpus, putusan tidak bulat lantaran hakim anggota IV Andi Saputra mempunyai pendapat berbeda atau dissenting opinion.

Dalam kasus tersebut, Nadiem divonis terbukti melakukan korupsi dengan menyalahgunakan wewenang sehingga merugikan keuangan negara senilai Rp1,56 triliun.",Andri Saubani,Negative,,
"Sep 24, 2026",September,CNA.ID,National,Tier 3,https://www.cna.id/indonesia/adiem-makarim-vonis-9-tahun-chromebook-51166,Vonis Nadiem Makarim disunat hakim banding jadi 9 tahun penjara,"Nadiem akan mengajukan kasasi ke MA.

Nadiem Makarim, mantan menteri pendidikan RI dan pendiri Gojek, memberikan gestur pada hari pembacaan vonis dalam kasus korupsi, terkait pengadaan laptop Google Chromebook di Pengadilan Jakarta Pusat di Jakarta, Indonesia, 30 Juni 2026. (EPA)

JAKARTA: Upaya banding Nadiem Makarim tidak membebaskannya dari perkara korupsi pengadaan Chromebook , tetapi Pengadilan Tinggi DKI Jakarta mengurangi hukumannya menjadi 9 tahun penjara. Majelis banding juga memangkas uang pengganti menjadi sekitar Rp548 miliar, sementara denda Rp1 miliar tetap dipertahankan.

Pada tingkat pertama, Pengadilan Tipikor Jakarta Pusat menjatuhkan hukuman 10 tahun penjara, denda Rp1 miliar subsider 190 hari, serta uang pengganti Rp809,5 miliar kepada pendiri Gojek itu.

Putusan tersebut dibacakan Ketua Majelis Hakim PT DKI Jakarta Subachan Hardi Mulyana pada Kamis (24/9).

Majelis menyatakan mantan Menteri Pendidikan, Kebudayaan, Riset, dan Teknologi itu terbukti secara sah dan meyakinkan melakukan tindak pidana korupsi secara bersama-sama dalam pengadaan laptop Chromebook dan Chrome Device Management (CDM) tahun anggaran 2020-2022.

""Menyatakan Terdakwa Nadiem Anwar Makarim telah terbukti secara sah dan meyakinkan bersalah melakukan tindak pidana korupsi yang dilakukan secara bersama-sama sebagaimana dalam dakwaan subsidair Penuntut Umum,"" kata Subachan saat membacakan amar putusan.

Hakim menyatakan Nadiem bersalah melanggar Pasal 604 KUHP.

Selain hukuman penjara, Nadiem dijatuhi denda Rp1 miliar yang harus dibayarkan dalam waktu satu bulan dan dapat diperpanjang paling lama satu bulan setelah putusan berkekuatan hukum tetap. Jika tidak dibayar, denda tersebut diganti dengan pidana kurungan selama 140 hari.

Majelis banding menetapkan kerugian negara dalam perkara tersebut sebesar Rp1.567.888.662.716,74 atau sekitar Rp1,5 triliun.

Uang pengganti yang dibebankan kepada Nadiem diturunkan menjadi sekitar Rp548 miliar dengan pidana pengganti enam tahun penjara apabila kewajiban tersebut tidak dipenuhi sesuai ketentuan.

Menurut majelis, pembayaran uang pengganti ditujukan untuk memulihkan kerugian negara akibat perkara tersebut.

Hakim menilai Nadiem sebagai menteri ketika proyek berlangsung merupakan pelaku utama sehingga dibebankan tanggung jawab sebesar 35 persen dari total kerugian negara.

""Terdakwa selaku Menteri Kemendikbud sebagai pelaku utama dalam tindak pidana penyertaan pada pengadaan TIK di Kemendikbud harus bertanggung jawab dalam mengembalikan posisi keuangan negara seperti pada keadaan semula. Selain itu, pihak-pihak yang diuntungkan seperti Google dan prinsipal serta distributor atau koperasi penyedia laptop Chromebook juga dibebankan untuk membayar uang pengganti secara proporsional,"" ujar hakim.

Dalam pembagian yang ditetapkan majelis, distributor dibebankan uang pengganti sebesar 15 persen dari kerugian negara.

Sementara Google, yang menurut pertimbangan hakim menerima keuntungan dari penggunaan lisensi Chrome OS dan CDM, dibebankan membayar 50 persen dari total kerugian negara setelah dikurangi uang pengganti yang dibayarkan pelaku turut serta.

Hakim Catur Iriantoro mengatakan majelis tidak mengabulkan permohonan banding Nadiem untuk dibebaskan dari seluruh dakwaan. Menurut majelis, putusan sebelumnya telah sesuai dengan fakta yang terungkap dalam persidangan, alat bukti, serta keterangan saksi.

Nadiem menyatakan kecewa terhadap putusan tersebut dan akan melanjutkan upaya hukum ke Mahkamah Agung.

“Korban sekarang bukan hanya saya, tetapi juga kredibilitas sistem penegakan hukum di Indonesia,” kata Nadiem seusai persidangan.

Ikuti saluran WhatsApp CNA Indonesia untuk dapatkan berita menarik lainnya. Pastikan fungsi notifikasi telah dinyalakan dengan menekan tombol lonceng.","['CNA.id: Berita Indonesia', 'Asia dan Dunia']",Negative,Catur Iriantoro,Catur Iriantoro (direct)
"Sep 24, 2026",September,RM.ID,National,Tier 3,https://rm.id/baca-berita/nasional/327461/kecewa-divonis-9-tahun-bui-nadiem-bakal-ajukan-kasasi,"Kecewa Divonis 9 Tahun Bui, Nadiem Bakal Ajukan Kasasi","RM .id Rakyat Merdeka - Mantan Menteri Pendidikan, Kebudayaan, Riset, dan Teknologi (Mendikbudristek) Nadiem Makarim menyatakan kecewa setelah Pengadilan Tinggi (PT) DKI Jakarta tetap menyatakan dirinya bersalah dalam perkara dugaan korupsi pengadaan laptop Chromebook dan Chrome Device Management (CDM) periode 2019–2022. Nadiem memastikan akan mengajukan kasasi atas putusan tersebut.

Meski kecewa, Nadiem mengapresiasi majelis hakim banding yang mengurangi hukuman penjara dan uang pengganti dibandingkan putusan tingkat pertama.

""Saya juga harus berapresiasi bahwa ada penurunan, ada koreksi daripada keputusan di pengadilan negeri, baik hukuman diturunkan, uang pengganti diturunkan,"" kata Nadiem di PT DKI Jakarta, Cempaka Putih, Jakarta Pusat, Kamis (24/9/2026).

Namun, Nadiem tetap keberatan karena dirinya dinyatakan bersalah. Dia mengklaim dalam persidangan tidak terbukti adanya kerugian negara, aliran dana, maupun konflik kepentingan yang dilakukannya.

Menurut Nadiem, majelis hakim seharusnya mengetahui fakta-fakta tersebut karena pemeriksaan di tingkat banding kembali menghadirkan dan memeriksa saksi-saksi yang diajukan.

""Sehingga saya merasa kebenaran diabaikan dan hati nurani dikesampingkan,"" tegasnya.

Nadiem juga menyatakan putusan tersebut tidak hanya berdampak terhadap dirinya, tetapi menurut dia turut menyangkut kredibilitas sistem hukum di Indonesia.

""Nah, saya masih di sini. Saya tidak akan putus asa, saya tidak akan menyerah, dan saya tidak akan menerima hasil apa pun di luar bebas,"" tegas Nadiem.

""Betul. Kami akan langsung mengajukan kasasi secepat mungkin, ya,"" sambungnya.

Sebelumnya, majelis hakim PT DKI Jakarta mengurangi hukuman Nadiem dari 10 tahun menjadi 9 tahun penjara. Majelis hakim juga mengurangi uang pengganti dari sebelumnya Rp 809,5 miliar menjadi Rp 548,7 miliar.

Ketua majelis hakim Subachran Hardi Mulyono yang didampingi hakim anggota Catur Iriantoro dan Hotma Maya Marbun mengubah putusan Pengadilan Tipikor Jakarta Pusat Nomor 147/Pid.Sus-TPK/2025/PN Jkt.Pst tanggal 30 Juni 2026.

""Menjatuhkan pidana penjara terhadap Nadiem Anwar Makarim, oleh karena itu, selama 9 tahun,"" kata Subachran saat membacakan amar putusan.

Selain pidana penjara, hakim menjatuhkan denda Rp 1 miliar kepada Nadiem. Jika denda tersebut tidak dibayarkan, Nadiem dikenakan pidana penjara pengganti selama 140 hari.

Hakim juga menghukum Nadiem membayar uang pengganti sebesar Rp 548,7 miliar dengan ketentuan subsider enam tahun penjara.

Majelis hakim menyatakan, Nadiem terbukti secara sah dan meyakinkan bersalah melakukan tindak pidana korupsi dalam pengadaan laptop Chromebook dan CDM secara bersama-sama.

Hakim juga menyatakan Nadiem sebagai pelaku utama dalam perkara tersebut. Putusan banding tersebut mengubah vonis tingkat pertama yang menjatuhkan hukuman 10 tahun penjara kepada Nadiem.

Pada tingkat pertama, Nadiem juga dibebankan denda Rp 1 miliar dan uang pengganti Rp 809,5 miliar.

Update berita dan artikel RM.ID menarik lainnya di Google News

Dapatkan juga update berita pilihan dan breaking news setiap hari dari RM.id . Mari bergabung di Grup Telegram ""Rakyat Merdeka News Update"" , caranya klik link https://t.me/officialrakyatmerdeka kemudian join. Anda harus install aplikasi Telegram terlebih dulu di ponsel.",OKTAVIAN SURYA DEWANGGA,Negative,Nadiem Makarim,Nadiem Makarim (direct)
"Sep 24, 2026",September,JABAR.ANTARANEWS.COM,Regional,Tier 1,https://jabar.antaranews.com/berita/708837/hukuman-nadiem-makarim-dikurangi-jadi-9-tahun-penjara-di-kasus-chromebook,Hukuman Nadiem Makarim dikurangi jadi 9 tahun penjara di kasus &quot;Chromebook&quot;,"Jakarta (ANTARA) - Pengadilan Tinggi DKI Jakarta mengurangi hukuman Menteri Pendidikan, Kebudayaan, Riset, dan Teknologi periode 2019-2024 Nadiem Anwar Makarim menjadi 9 tahun penjara dari sebelumnya 10 tahun penjara terkait kasus dugaan korupsi Chromebook .

Hakim Ketua Subachran Hardi Mulyana menyatakan putusan Majelis Hakim pada Pengadilan Tingkat Pertama tidak tepat untuk dipertahankan seluruhnya, tetapi perlu diubah sepanjang bagian-bagian yang telah dipertimbangkan dan dinyatakan beralasan dalam putusan tersebut.

""Sementara terhadap pertimbangan hukum Majelis Hakim pada Tingkat Pertama yang telah sesuai dengan fakta hukum dan penerapan hukum yang benar tetap dipertahankan serta diambil alih sebagai bagian yang tidak terpisahkan dalam putusan banding ini,"" kata Hakim Ketua saat membacakan putusan dalam sidang banding di Pengadilan Tinggi DKI Jakarta, Kamis.

Selain pidana penjara, PT DKI Jakarta turut meringankan pidana denda serta pidana tambahan yang telah dijatuhkan kepada Nadiem.

Adapun pidana denda diringankan menjadi Rp1 miliar subsider 140 hari penjara dari Rp1 miliar subsider 190 hari penjara, sedangkan pidana tambahan diubah menjadi Rp548,76 miliar subsider 6 tahun penjara dari Rp809,59 miliar subsider 5 tahun penjara.

Sebelum menjatuhkan putusan banding, Majelis Hakim mempertimbangkan beberapa hal yang memberatkan dan meringankan, yang ada pada diri Nadiem.

Keadaan memberatkan, yakni perbuatan Nadiem tidak mendukung program pemerintah yang sedang gencar melakukan pemberantasan korupsi.

Sementara faktor meringankan yang dipertimbangkan majelis hakim, yaitu Nadiem bersikap sopan di persidangan persidangan, telah berjasa dalam membuka lapangan pekerjaan di bidang transportasi, belum pernah dihukum, dan masih mempunyai tanggungan keluarga.

Dalam kasus dugaan korupsi program digitalisasi pendidikan berupa pengadaan laptop Chromebook dan Chrome Device Management (CDM) di lingkungan Kemendikbudristek tahun 2019-2022, Nadiem divonis terbukti bersalah melakukan korupsi dengan menyalahgunakan wewenang sehingga merugikan keuangan negara senilai Rp1,56 triliun.

Korupsi di antaranya dilakukan dengan melaksanakan pengadaan sarana pembelajaran berbasis teknologi informasi dan komunikasi berupa laptop Chromebook dan CDM tahun anggaran 2020, 2021, dan 2022, tidak sesuai dengan perencanaan pengadaan dan prinsip-prinsip pengadaan.

Perbuatan pendiri salah satu perusahaan teknologi itu dinyatakan dilakukan antara lain bersama-sama dengan tiga terdakwa lainnya yang telah divonis dalam persidangan berbeda, yakni Ibrahim Arief alias Ibam, Mulyatsyah dan Sri Wahyuningsih serta Jurist Tan, yang saat ini masih buron.

Dengan demikian, Nadiem divonis melanggar pidana yang diatur dalam Pasal 3 juncto Pasal 18 Undang-Undang (UU) Nomor 31 Tahun 1999 tentang Pemberantasan Tindak Pidana Korupsi sebagaimana telah diubah dan ditambah dengan UU Nomor 20 Tahun 2001 jo. Pasal 55 ayat (1) ke-1 KUHP.

Pewarta: Agatha Olivia Victoria Editor : Riza Fahriza COPYRIGHT © ANTARA 2026

Dilarang keras mengambil konten, melakukan crawling atau pengindeksan otomatis untuk AI di situs web ini tanpa izin tertulis dari Kantor Berita ANTARA.",Riza Fahriza,Negative,Subachran Hardi Mulyana,Subachran Hardi Mulyana (direct)
"Sep 24, 2026",September,DETIK.COM,National,Tier 1,https://news.detik.com/berita/d-8677152/respons-kejagung-soal-vonis-nadiem-makarim-jadi-9-tahun-penjara,Respons Kejagung soal Vonis Nadiem Makarim Jadi 9 Tahun Penjara,"Pengadilan Tinggi (PT) Jakarta mengurangi vonis mantan Mendikbudristek Nadiem Makarim dari 10 tahun menjadi 9 tahun penjara. Kejaksaan Agung (Kejagung) akan mempelajari putusan tersebut.

""Tim JPU akan mempelajari putusan tersebut setelah salinan putusan kami terima,"" kata Kapuspenkum Kejagung, Anang Supriatna, saat dihubungi, Kamis (24/9/2026).

Anang mengatakan Kejagung menghormati putusan hakim banding. Dia mengatakan jaksa punya waktu untuk menentukan langkah hukum berikutnya.

SCROLL TO CONTINUE WITH CONTENT

""Kita menghormati putusan tersebut dan Kita akan pelajari dulu dan sesuai peraturan dalam batas waktu yang ditentukan UU JPU untuk bersikap atas putusan PT Jakarta,"" jelasnya.

Sebelumnya, majelis hakim Pengadilan Tinggi Jakarta menyunat vonis mantan Mendikbudristek Nadiem Makarim dalam kasus korupsi pengadaan Chromebook. Vonis Nadiem dikurangi dari 10 tahun menjadi 9 tahun penjara.

Sidang pembacaan putusan banding Nadiem digelar di Pengadilan Tinggi Jakarta, Kamis (24/9/2026). Hakim menyatakan tidak ada alasan pembenar dan pemaaf terhadap Nadiem.

""Menjatuhkan pidana kepada Terdakwa Nadiem Anwar Makarim oleh karena itu dengan pidana penjara selama 9 tahun,"" ujar hakim.

Nadiem juga dihukum membayar denda Rp 1 miliar. Jika tak dibayar, diganti 140 hari penjara.

Selain itu, hakim mengubah uang pengganti Nadiem. Uang pengganti Nadiem turun dari Rp 809 miliar menjadi Rp 548 miliar.

""Membayar uang pengganti sebesar Rp 548.761.031.950,86 (Rp 548 miliar),"" kata hakim.

Jika tidak dibayar, harta benda Nadiem akan dirampas dan dilelang. Jika tidak mencukupi, diganti hukuman 6 tahun penjara.

""Jumlah uang pengganti yang telah dibayarkan akan diperhitungkan dengan lamanya pidana tambahan,"" ujarnya.

Hakim banding menyatakan kerugian negara akibat kasus ini ialah Rp 1,5 triliun. Hakim menyatakan Nadiem bersalah melanggar Pasal 604 KUHP.

Saksikan Live DetikSore :

Anda menyukai artikel ini",Rumondang Naibaho,Negative,,
"Sep 24, 2026",September,AFU.ID,National,Tier 3,https://afu.id/hukum-kriminal/banding-dikabulkan-hukuman-nadiemturun-jadi-9-tahun-penjara-di-kasus-korupsi-chromebook,"Banding Dikabulkan, Hukuman NadiemTurun Jadi 9 Tahun Penjara di Kasus Korupsi Chromebook","Penulis: Raihan Immaduddin

JAKARTA, AFU.ID â Pengadilan Tinggi Jakarta memangkas hukuman mantan Menteri Pendidikan, Kebudayaan, Riset, dan Teknologi (Mendikbudristek), Nadiem Makarim menjadi 9 tahun penjara dalam perkara korupsi pengadaan Chromebook, Kamis (24/9/2026). Putusan banding ini juga menurunkan kewajiban uang pengganti dari Rp809,5 miliar menjadi Rp548,76 miliar. Nadiem tetap dijatuhi denda Rp1 miliar dengan ketentuan pengganti 140 hari penjara jika tidak dibayar.

Majelis hakim memutuskan Nadiem terbukti secara sah dan meyakinkan melakukan tindak pidana korupsi secara bersama-sama sebagaimana dakwaan subsidair penuntut umum. Hakim menyatakan kerugian negara dalam perkara tersebut mencapai Rp1,5 triliun. ""Penjatuhan pidana tambahan tetap harus memperhatikan asas proporsionalitas dan asas individualisasi pidana,"" ujar hakim saat membacakan putusan.

Pengurangan uang pengganti didasarkan pada pembagian tanggung jawab atas kerugian negara sesuai peran masing-masing pihak dalam perkara. Majelis membebankan 35 persen dari total kerugian kepada Nadiem, 15 persen kepada distributor, sedangkan bagian 50 persen dikaitkan dengan pihak Google setelah memperhitungkan uang pengganti yang dibayarkan pelaku turut serta. Hakim menyebut Nadiem sebagai pelaku utama dalam tindak pidana penyertaan pada pengadaan teknologi informasi dan komunikasi di Kemendikbud sehingga tetap dibebani kewajiban memulihkan kerugian negara.

Putusan tersebut dibacakan setelah pihak Nadiem meminta majelis mempertimbangkan fakta persidangan dan hasil audit Badan Pengawasan Keuangan dan Pembangunan (BPKP). Kuasa hukum Nadiem, Dody Abdulkadir, sebelumnya menyatakan audit BPKP tidak menemukan kemahalan harga maupun pelanggaran hukum dalam pengadaan Chromebook. ""Dan dari hasil audit BPKP yang dilakukan independen dan objektif hasilnya tidak ada kemahalan dan tidak ada pelanggaran hukum,"" kata Dody sebelum putusan banding dibacakan.

Putusan banding tersebut lebih ringan dibandingkan vonis Pengadilan Tipikor pada Pengadilan Negeri Jakarta Pusat yang sebelumnya menjatuhkan hukuman 10 tahun penjara, denda Rp1 miliar subsider 190 hari, serta uang pengganti Rp809,5 miliar subsider lima tahun penjara. Perkara ini berkaitan dengan pengadaan laptop Chromebook dan Chrome Device Management (CDM) untuk tahun anggaran 2020-2022. (RAI)",Raihan Immaduddin,Negative,,
"Sep 24, 2026",September,MEDIAINDONESIA.COM,National,Tier 2,https://mediaindonesia.com/politik-dan-hukum/937046/vonis-nadiem-berubah-hakim-ungkap-ada-pihak-lain-yang-perlu-diselidiki,"Vonis Nadiem Berubah, Hakim Ungkap Ada Pihak Lain yang Perlu Diselidiki","MAJELIS Hakim Pengadilan Tinggi (PT) DKI Jakarta merekomendasikan Kejaksaan Agung (Kejagung) untuk melanjutkan penyidikan terhadap pihak-pihak yang diduga menerima keuntungan ilegal dalam kasus korupsi pengadaan Chromebook di Kemendikbudristek .

Ketua Majelis Hakim PT DKI Jakarta, Subachran Hardi Mulyana, menyatakan bahwa terdapat pihak-pihak yang diuntungkan dalam proyek teknologi informasi tersebut namun belum diperiksa di persidangan. Hakim secara spesifik menyebutkan perlunya pendalaman terhadap korporasi penyedia layanan terkait.

""Menimbang bahwa sampai saat ini pihak-pihak diuntungkan dalam perkara tindak pidana korupsi pengadaan teknologi informasi dan komunikasi di Kemendikbud, seperti pihak Google, korporasi penyedia laptop Chrome belum diperiksa pada sidang Pengadilan Tindak Pidana Korupsi,"" ujar Subachran saat membacakan pertimbangan putusan, Kamis (24/9).

Majelis hakim menegaskan bahwa langkah hukum lanjutan terhadap pihak-pihak tersebut sangat krusial. Hal ini bertujuan untuk memulihkan kerugian keuangan negara yang timbul akibat praktik korupsi dalam pengadaan perangkat pendidikan tersebut.

""Oleh karena itu, majelis hakim Pengadilan Tinggi merekomendasikan agar penyidik pada Kejaksaan Agung Republik Indonesia melanjutkan penyidikan terhadap penerima keuntungan ilegal tersebut agar keuangan negara dapat dipulihkan kembali,"" tegas Subachran.

Dalam putusan banding ini, PT DKI Jakarta tetap menyatakan Nadiem Makarim terbukti secara sah dan meyakinkan melakukan tindak pidana korupsi secara bersama-sama. Namun, majelis hakim memberikan pengurangan masa hukuman bagi mantan menteri tersebut.

Vonis Nadiem disunat dari 10 tahun menjadi 9 tahun penjara. Meski demikian, ia tetap dijatuhi denda sebesar Rp1 miliar subsider 140 hari penjara. Selain itu, Nadiem diwajibkan membayar uang pengganti yang fantastis, yakni senilai Rp548.761.031.950,86.

Jika uang pengganti tersebut tidak dibayarkan, maka akan diganti dengan pidana penjara selama 6 tahun. Perkara ini berkaitan erat dengan pengadaan Chromebook dan Chrome Device Management (CDM) yang dinilai merugikan negara dalam jumlah besar. (Z-10)",Gana Buana,Negative,Subachran Hardi Mulyana,Subachran Hardi Mulyana (direct)
"Sep 24, 2026",September,SUARA.COM,National,Tier 2,https://www.suara.com/news/2026/09/24/134926/pt-dki-kurangi-uang-pengganti-nadiem-makarim-jadi-rp5487-miliar,"PT DKI Kurangi Uang Pengganti Nadiem Makarim Jadi Rp548,7 Miliar","Suara.com - Pengadilan Tinggi DKI Jakarta mengurangi jumlah uang pengganti dalam hukuman mantan Menteri Pendidikan, Kebudayaan, Riset, dan Teknologi (Mendikbudristek) Nadiem Makarim menjadi Rp548,7 miliar.

Nadiem diketahui berstatus sebagai terdakwa dalam kasus dugaan korupsi program digitalisasi pendidikan terkait pengadaan laptop Chromebook dan Chrome Device Management (CDM) periode 2019-2022.

“Menghukum Terdakwa membayar uang pengganti sebesar Rp548.761.031.950,86,” kata ketua majelis hakim di Pengadilan Tinggi DKI Jakarta, Kamis (24/9/2026).

Bila Nadiem tidak membayar uang pengganti paling lama dalam waktu 1 bulan sesudah putusan memperoleh kekuatan hukum tetap, maka harta benda terdakwa dapat disita oleh jaksa dan dilelang untuk menutupi uang pengganti tersebut. Kemudian, jika Nadiem tidak mempunyai harta benda yang mencukupi untuk membayar uang pengganti, maka diganti dengan pidana penjara selama 6 tahun.

Angka itu lebih sedikit dibandingkan hukuman uang pengganti yang dijatuhkan Pengadilan Tipikor Jakarta pada Pengadilan Negeri Jakarta Pusat, yaitu Rp809,5 miliar (Rp809.597.125.000) subsider 5 tahun penjara.

Selain itu, PT DKI Jakarta juga mengurangi hukuman penjara kepada Nadiem dari sebelumnya 10 tahun menjadi 9 tahun penjara.

Sebelumnya, Majelis Hakim Pengadilan Tipikor Jakarta pada Pengadilan Negeri Jakarta Pusat menjatuhkan hukuman pidana penjara selama 10 tahun terhadap mantan Menteri Pendidikan, Kebudayaan, Riset, dan Teknologi (Mendikbudristek) Nadiem Makarim.

Sebab, majelis hakim menilai Nadiem bersalah dalam kasus dugaan korupsi program digitalisasi pendidikan terkait pengadaan laptop Chromebook dan Chrome Device Management (CDM) periode 2019-2022.

“Menjatuhkan pidana kepada terdakwa oleh karena itu dengan pidana penjara selama 10 tahun dan pidana denda sejumlah Rp1 miliar, yang harus dibayar dalam jangka waktu 1 bulan dan dapat diperpanjang untuk paling lama 1 bulan sejak putusan memperoleh kekuatan hukum tetap,” Ketua Majelis Hakim Purwanto S Abdullah di Pengadilan Tipikor Jakarta pada Pengadilan Negeri Jakarta Pusat, Selasa (30/6/2026).

Jika pidana denda tidak dibayar dalam jangka waktu yang telah ditentukan, kekayaan atau pendapatan Nadiem dapat disita dan dilelang untuk melunasi pidana denda yang tidak dibayar. Namun, jika hasil penyitaan dan pelelangan kekayaan atau pendapatan tidak cukup atau tidak memungkinkan untuk dilaksanakan, pidana denda yang tidak dibayar tersebut diganti dengan pidana penjara selama 190 hari.

“Menjatuhkan pidana tambahan kepada terdakwa berupa pembayaran uang pengganti sebesar Rp809.597.125.000,” tegas hakim.

Bila Nadiem tidak membayar uang pengganti paling lama dalam waktu 1 bulan sesudah putusan memperoleh kekuatan hukum tetap, maka harta benda terdakwa dapat disita oleh jaksa dan dilelang untuk menutupi uang pengganti tersebut. Kemudian, jika Nadiem tidak mempunyai harta benda yang mencukupi untuk membayar uang pengganti, maka diganti dengan pidana penjara selama 5 tahun.","Bella, Dea Hardiningsih Irianto",Negative,,
"Sep 24, 2026",September,INILAH.COM,National,Tier 3,https://www.inilah.com/hukuman-uang-pengganti-nadiem-juga-dipangkas-dari-rp809-miliar-jadi-rp548-miliar,Hukuman Uang Pengganti Nadiem Juga Dipangkas dari Rp809 Miliar Jadi Rp548 Miliar,"Terdakwa kasus dugaan korupsi pengadaan Chromebook dalam program digitalisasi pendidikan di Kemendikbudristek Nadiem Anwar Makarim menjalani sidang banding atas vonisnya di Pengadilan Tinggi DKI Jakarta, Jakarta, Rabu (12/8/2026). (Foto: Antara/M Risyal Hidayat/kye)

Berita Terkini, Eksklusif di WhatsApp Inilah.com

Majelis Hakim Pengadilan Tinggi (PT) Jakarta tidak hanya memangkas hukuman mantan Mendikbudristek Nadiem Makarim menjadi 9 tahun penjara. Majelis hakim juga mengurangi hukuman uang pengganti yang harus dibayar Nadiem

Dalam putusan banding yang dibacakan di PT Jakarta, Kamis (24/9/2026), hukuman uang pengganti Nadiem dipangkas dari sebelumnya Rp809 miliar menjadi Rp548.761.031.950,86 atau sekitar Rp548,7 miliar.

“Membayar uang pengganti sebesar Rp548.761.031.950,86,” ujar hakim saat membacakan putusan.

Hakim menyatakan, jika uang pengganti tersebut tidak dibayarkan, harta benda Nadiem akan dirampas untuk kemudian dilelang. Jika hasil lelang tidak mencukupi, Nadiem harus menjalani tambahan pidana penjara selama enam tahun.

“Jumlah uang pengganti yang telah dibayarkan akan diperhitungkan dengan lamanya pidana tambahan,” kata hakim.

Sebelumnya, majelis hakim banding memangkas vonis penjara Nadiem dari 10 tahun menjadi 9 tahun. Nadiem juga tetap dijatuhi pidana denda Rp1 miliar dengan ketentuan jika tidak dibayar diganti pidana kurungan selama 140 hari.

Meski hukuman dan uang pengganti dipangkas, majelis hakim tetap menyatakan kerugian negara dalam kasus dugaan korupsi pengadaan laptop Chromebook mencapai Rp1,5 triliun.

Majelis hakim banding juga menilai pertimbangan Pengadilan Tipikor Jakarta Pusat dalam perkara tersebut telah tepat, baik dalam penilaian pembuktian maupun penerapan hukum.

Nadiem mengajukan banding atas vonis kasus dugaan korupsi program digitalisasi pendidikan berupa pengadaan laptop Chromebook dan Chrome Device Management (CDM) di lingkungan Kemendikbudristek tahun 2019-2022.

Pada putusan tingkat pertama, Nadiem divonis 10 tahun penjara dan denda sebesar Rp1 miliar subsider 190 hari penjara, serta dibebankan membayar uang pengganti sebesar Rp809,59 miliar subsider 5 tahun penjara.

Uang pengganti dikenakan kepada Nadiem setelah terbukti telah menerima uang sebesar Rp809,59 miliar yang berasal dari PT Aplikasi Karya Anak Bangsa (PT AKAB) melalui PT Gojek Indonesia. Sebagian besar sumber uang PT AKAB berasal dari investasi Google senilai 786,99 juta dolar Amerika Serikat (USD).

Tambahkan Inilah.com Sebagai Sumber Utama di Google untuk Dapatkan Berita Eksklusif.",Mochammad Zhacky,Negative,,
,,TIRTO.ID,National,Tier 3,https://tirto.id/pengadilan-banding-memvonis-nadiem-makarim-penjara-9-tahun-hDdH,Pengadilan Banding Memvonis Nadiem Makarim Penjara 9 Tahun,"tirto.id - Majelis Hakim Pengadilan Tinggi Jakarta menjatuhkan hukuman penjara sembilan tahun kepada eks Mendikbudristek, Nadiem Makarim. Vonis tersebut berdasarkan pengajuan banding atas putusan Pengadilan Tipikor Jakarta Pusat.

""Menjatuhkan pidana kepada terdakwa Nadiem Anwar Makarim oleh karena itu dengan pidana penjara selama 9 tahun dan pidana denda sejumlah Rp1 miliar yang harus dibayar dalam jangka waktu 1 bulan dan dapat diperpanjang untuk paling lama 1 bulan sejak putusan berkekuatan hukum tetap,"" ucap Ketua Majelis Hakim Pengadilan Tinggi Jakarta, Subachran Hardi Mulyono, dalam sidang, Kamis (24/9/2026).

Dalam amar putusan juga disebutkan apabila denda tidak dibayar dalam jangka waktu yang telah ditentukan, kekayaan dan pendapatan terpidana disita serta dilelang sebagai bentuk pelunasan. Apabila tidak cukup terpenuhi dari aset yang sudah disita dan dilelang, dapat diganti dengan pidana penjara selama 140 hari.

Nadiem Makarim juga dijatuhi hukuman membayar uang pengganti Rp584.761.031.950,86 (Rp584 miliar). Jika tidak dapat dibayarkan dalam kurun waktu 1 bulan setelah vonis dijatuhkan, dilakukan penyitaan serta pelelangan aset atau kurungan badan enam tahun.

""Dan apabila terdakwa membayar uang pengganti yang jumlahnya kurang dari seluruh kewajiban membayar uang pengganti, maka jumlah uang pengganti yang telah dibayarkan tersebut akan diperhitungkan dengan lamanya pidana tambahan berupa pidana penjara sebagai pengganti dari kewajiban membayar uang pengganti,"" ujar hakim.

Atas putusan tersebut, Nadiem Makarim dinyatakan tetap menjalani hukuman badan di dalam rumah. Kemudian, lamanya masa tahanan yang dijalankan akan mengurangi vonis kurungan badan.

Usai adanya vonis tersebut, kata Subachran, jaksa penuntut umum (JPU) maupun pihak Nadiem Makarim berhak mengajukan kasasi. Mereka memiliki waktu tujuh hari ke depan untuk memutuskan langkah hukum selanjutnya.

Pada proses sidang Nadiem Makarim ini, dia didampingi oleh istrinya, Franka, keluarga besar, perwakilan pengemudi ojol, bahkan Tom Lembong dan istrinya. Nadiem pun langsung memeluk istrinya usai mendapatkan vonis tersebut.","Ayu Mumpuni, Fadrik Aziz Firdausi",Neutral,,
,,YOUTUBE.COM,Inter,Tier 3,https://www.youtube.com/watch?v=dqhr2g2fhVQ,[CHECK] failed to process,[CHECK] failed to process,,,,
"Sep 24, 2026",September,MEDIAINDONESIA.COM,National,Tier 2,https://mediaindonesia.com/politik-dan-hukum/937044/hukuman-nadiem-makarim-dipangkas-jadi-9-tahun-penjara,Hukuman Nadiem Makarim Dipangkas Jadi 9 Tahun Penjara,"MAJELIS Hakim Pengadilan Tinggi (PT) DKI Jakarta memangkas hukuman mantan Menteri Pendidikan, Kebudayaan, Riset, dan Teknologi (Mendikbudristek) Nadiem Anwar Makarim menjadi 9 tahun penjara dalam perkara korupsi pengadaan Chromebook dan Chrome Device Management (CDM).

Dalam putusan banding yang dibacakan pada Kamis (24/9), majelis hakim menyatakan Nadiem tetap terbukti secara sah dan meyakinkan melakukan tindak pidana korupsi secara bersama-sama. Namun, vonis ini lebih ringan satu tahun dibandingkan putusan tingkat pertama.

""Menjatuhkan pidana penjara terhadap Nadiem Anwar Makarim oleh karena itu selama 9 tahun dan pidana denda Rp1 miliar subsider 140 hari penjara,"" ujar Ketua Majelis Hakim PT DKI Jakarta, Subachran Hardi Mulyana, saat membacakan amar putusan.

Selain pengurangan masa tahanan, hakim tingkat banding juga mengubah besaran uang pengganti yang wajib dibayarkan terdakwa. PT DKI menetapkan uang pengganti sebesar Rp548.761.031.950,86. Jika tidak dibayarkan, maka akan diganti dengan pidana penjara selama 6 tahun.

Putusan ini mengubah vonis Pengadilan Tindak Pidana Korupsi (Tipikor) pada Pengadilan Negeri Jakarta Pusat tertanggal 30 Juni 2026. Sebelumnya, majelis hakim yang diketuai Purwanto S. Abdullah menjatuhkan hukuman 10 tahun penjara dan denda Rp1 miliar subsider 190 hari kurungan kepada Nadiem.

Pada tingkat pertama, Nadiem juga diwajibkan membayar uang pengganti yang jauh lebih besar, yakni Rp809.597.125.000 dengan subsider 5 tahun penjara. Dengan adanya putusan banding ini, kewajiban uang pengganti Nadiem berkurang sekitar Rp260,8 miliar.

Kasus ini bermula dari proyek pengadaan perangkat teknologi pendidikan di lingkungan Kemendikbudristek yang dinilai merugikan keuangan negara. Meski hukuman dikurangi, hakim menegaskan bahwa unsur pidana korupsi dalam proyek Chromebook tersebut tetap terpenuhi secara hukum. (Z-10)",Gana Buana,Negative,,
"Sep 24, 2026",September,GEBRAK.ID,National,Tier 3,https://www.gebrak.id/2026/09/banding-dikabulkan-vonis-nadiem-makarim-jadi-9-tahun-dalam-kasus-korupsi-chromebook.html,"Banding Dikabulkan, Vonis Nadiem Makarim Jadi 9 Tahun dalam Kasus Korupsi Chromebook","GEBRAK.ID, JAKARTA — Pengadilan Tinggi DKI Jakarta mengubah hukuman mantan Menteri Pendidikan, Kebudayaan, Riset, dan Teknologi (Mendikbudristek) Nadiem Anwar Makarim dalam perkara korupsi pengadaan Chromebook. Dalam putusan banding yang dibacakan Kamis (24/9/2026), majelis hakim menjatuhkan pidana penjara selama sembilan tahun.

Putusan tersebut mengurangi hukuman Nadiem dari vonis Pengadilan Tipikor pada Pengadilan Negeri Jakarta Pusat yang sebelumnya menjatuhkan pidana penjara selama 10 tahun.

“Menjatuhkan pidana kepada Terdakwa Nadiem Anwar Makarim oleh karena itu dengan pidana penjara selama 9 tahun,” ujar hakim saat membacakan putusan di Pengadilan Tinggi DKI Jakarta.

Selain hukuman penjara, majelis hakim menjatuhkan denda Rp1 miliar. Jika denda tersebut tidak dibayarkan, Nadiem harus menjalani hukuman pengganti selama 140 hari.

Pengadilan Tinggi DKI juga mengubah ketentuan mengenai uang pengganti. Berdasarkan laporan hasil putusan banding, jumlah uang pengganti yang dibebankan kepada Nadiem menjadi sekitar Rp548,76 miliar dengan ketentuan pidana pengganti apabila kewajiban tersebut tidak dipenuhi.

Sebelumnya, pada 30 Juni 2026, Pengadilan Tipikor Jakarta Pusat menjatuhkan hukuman 10 tahun penjara kepada Nadiem. Ketika itu, majelis hakim juga menjatuhkan denda Rp1 miliar dan uang pengganti Rp809,59 miliar.

Perkara tersebut berkaitan dengan pengadaan laptop Chromebook dan Chrome Device Management atau CDM dalam program digitalisasi pendidikan di lingkungan Kemendikbudristek periode 2019–2022.

Dalam putusan tingkat pertama, majelis hakim menyatakan Nadiem terbukti melakukan tindak pidana korupsi secara bersama-sama. Hakim juga menyebut kerugian keuangan negara dalam perkara tersebut mencapai Rp1,56 triliun berdasarkan hasil audit Badan Pengawasan Keuangan dan Pembangunan atau BPKP.

Jaksa sebelumnya menuntut Nadiem dengan hukuman yang lebih berat, yakni 18 tahun penjara. Tuntutan tersebut juga mencakup denda Rp1 miliar serta uang pengganti Rp5,67 triliun.

Nadiem kemudian mengajukan banding. Tim penasihat hukumnya melalui advokat Zaid Mushafi sebelumnya menyatakan permohonan banding dimaksudkan untuk meminta Pengadilan Tinggi kembali memeriksa sejumlah fakta dan pertimbangan yang digunakan hakim tingkat pertama.

Kasus ini juga menyeret sejumlah terdakwa lain. Mantan Konsultan Teknologi Kemendikbudristek Ibrahim Arief alias Ibam, misalnya, mendapat vonis lima tahun penjara dari Pengadilan Tinggi DKI Jakarta dan kemudian mengajukan kasasi ke Mahkamah Agung.

Dengan putusan banding terbaru tersebut, hukuman Nadiem kini menjadi sembilan tahun penjara, disertai denda Rp1 miliar dan ketentuan uang pengganti sebagaimana ditetapkan Pengadilan Tinggi DKI Jakarta.

(A. Rayyan K/Berbagai Sumber)",Redaksi GEBRAK.ID,Negative,,
"Sep 24, 2026",September,MEDAN.TRIBUNNEWS.COM,Regional,Tier 1,https://medan.tribunnews.com/news/1812351/nadiem-makarim-resmi-diringankan-hukumannya-jadi-9-tahun-penjara-tertunduk-dengarkan-putusan,"NADIEM Makarim Resmi Diringankan Hukumannya, Jadi 9 Tahun Penjara, Tertunduk Dengarkan Putusan","TRIBUN-MEDAN.com - Mantan Mendikbudristek Nadiem Makarim resmi diringankan hukumannya menjadi 9 tahun penjara terkait kasus dugaan korupsi pengadaan laptop Chromebook.

Hal itu disampaikan majelis hakim Pengadilan Tinggi (PT) Jakarta, dalam sidang vonis banding kasus dugaan korupsi pengadaan laptop Chromebook, Kamis (24/9/2026).

""Menjatuhkan pidana kepada Terdakwa Nadiem Anwar Makarim oleh karena itu dengan pidana penjara selama 9 (sembilan) tahun,"" ucap Ketua Majelis Hakim Subachran Hardi Mulyono.

Hakim banding turut menjatuhkan hukuman Nadiem untuk membayar denda senilai Rp 1 miliar yang harus dibayar dalam jangka waktu satu bulan dan dapat diperpanjang untuk paling lama satu bulan sejak putusan berkekuatan hukum tetap, dengan ketentuan apabila denda tidak dibayar, akan diganti dengan pidana kurungan selama 140 hari.

""Dan pidana denda sejumlah Rp1.000.000.000,"" kata hakim.

Selanjutnya, hakim banding juga menjatuhkan hukuman untuk membayar uang pengganti senilai Rp. 548.761.031.950,86 miliar subsider 6 tahun penjara.

""Menghukum Terdakwa membayar uang pengganti sebesar lima ratus empat puluh delapan miliar tujuh ratus enam puluh satu juta tiga puluh satu ribu sembilan ratus lima puluh rupiah delapan puluh enam sen,"" ucap hakim.

Tertunduk Dengarkan Putusan Banding

Nadiem Makarim hanya tertunduk saat mendengarkan putusan banding yang dibacakan majelis hakim Pengadilan Tinggi Jakarta.

Selama persidangan, dilansir Kompas.com, duduk dan sesekali tertunduk ketika mendengarkan sejumlah pertimbangan hakim atas banding yang diajukan terkait perkara korupsi pengadaan laptop berbasis Chromebook.

Ketika membacakan hukuman yang dijatuhkan, hakim meminta Nadiem berdiri. Saat itu, Nadiem menatap hakim.

Saat hakim membacakan putusan, Nadiem tidak menunjukkan ekspresi.

Dia kemudian kembali duduk di kursi yang disediakan dan menghampiri tim pengacaranya.

Membedah Problem Krisis Hunian di Indonesia Artikel Kompas.id Setelah itu, Nadiem menghampiri istrinya yang duduk di bangku pengunjung.

Vonis Nadiem Makarim Diketahui majelis hakim Pengadilan Tindak Pidana Korupsi (Tipikor) Jakarta Pusat telah menjatuhkan vonis 10 tahun penjara dan denda Rp1 miliar terhadap mantan Mendikbudristek Nadiem Anwar Makarim dalam sidang yang digelar pada Selasa 30 Juni 2026.",Ilham Fazrir Harahap,Negative,,
"Sep 24, 2026",September,PALEMBANG.TRIBUNNEWS.COM,National,Tier 1,https://palembang.tribunnews.com/news/1329685/hukuman-nadiem-makarim-diringankan-dari-10-tahun-jadi-9-tahun-penjara-uang-pengganti-juga-dipangkas,"Hukuman Nadiem Makarim Diringankan dari 10 Tahun Jadi 9 Tahun Penjara, Uang Pengganti Juga Dipangkas","SRIPOKU.COM - Hukuman mantan Mendikbudristek Nadiem Anwar Makarim dalam perkara korupsi pengadaan laptop Chromebook berubah di tingkat banding.

Pengadilan Tinggi (PT) Jakarta menjatuhkan pidana 9 tahun penjara, lebih rendah dari vonis tingkat pertama selama 10 tahun.

Hal itu sebagaimana disampaikan majelis hakim Pengadilan Tinggi (PT) Jakarta, dalam sidang vonis banding kasus dugaan korupsi pengadaan laptop Chromebook , Kamis (24/9/2026).

""Menjatuhkan pidana kepada Terdakwa Nadiem Anwar Makarim oleh karena itu dengan pidana penjara selama 9 (sembilan) tahun,"" ucap Ketua Majelis Hakim Subachran Hardi Mulyono.

Hakim banding turut menjatuhkan hukuman Nadiem untuk membayar denda senilai Rp 1 miliar yang harus dibayar dalam jangka waktu satu bulan dan dapat diperpanjang untuk paling lama satu bulan sejak putusan berkekuatan hukum tetap, dengan ketentuan apabila denda tidak dibayar, akan diganti dengan pidana kurungan selama 140 hari.

""Dan pidana denda sejumlah Rp1.000.000.000,"" kata hakim.

Selanjutnya, hakim banding juga menjatuhkan hukuman untuk membayar uang pengganti senilai Rp. 548.761.031.950,86 miliar subsider 6 tahun penjara.

""Menghukum Terdakwa membayar uang pengganti sebesar lima ratus empat puluh delapan miliar tujuh ratus enam puluh satu juta tiga puluh satu ribu sembilan ratus lima puluh rupiah delapan puluh enam sen,"" ucap hakim.

Vonis Nadiem Makarim Diketahui majelis hakim Pengadilan Tindak Pidana Korupsi (Tipikor) Jakarta Pusat telah menjatuhkan vonis 10 tahun penjara dan denda Rp1 miliar terhadap mantan Mendikbudristek Nadiem Anwar Makarim dalam sidang yang digelar pada Selasa 30 Juni 2026.

Majelis Hakim menilai Nadiem terbukti secara sah dan meyakinkan telah melakukan tindak pidana korupsi pengadaan Chromebook dan Chrome Device Management (CDM) untuk digitalisasi pendidikan di Kemendikbudristek tahun anggaran 2019-2022.

""Menjatuhkan pidana kepada terdakwa oleh karena itu dengan pidana penjara 10 tahun dan denda Rp1 miliar,"" kata ketua majelis hakim Purwanto S. Abdullah saat membacakan amar putusan, dalam persidangan di Pengadilan Tipikor Jakarta, Selasa (30/6/2026).

Hakim menyatakan, dakwaan primer jaksa tidak terbukti.

Namun, hakim menyatakan Nadiem bersalah sebagaimana dakwaan subsider yaitu melanggar Pasal 604 juncto Pasal 18 UU Tindak Pidana Korupsi juncto Pasal 20 huruf c UU No 1 Tahun 2023 tentang KUHP.

Dalam perkara tersebut, hakim juga menghukum Nadiem untuk membayar denda Rp 1 miliar subsider 190 hari kurungan dan uang pengganti Rp 809 miliar.",Fadhila Rahma,Negative,,
"Sep 24, 2026",September,WESTJAVATODAY.COM,National,Tier 3,https://www.westjavatoday.com/putusan-banding-nadiem-penjara-jadi-9-tahun-uang-pengganti-rp548-miliar,"Putusan Banding Nadiem: Penjara Jadi 9 Tahun, Uang Pengganti Rp548 Miliar","WJToday, Jakarta — Pengadilan Tinggi Jakarta mengubah hukuman terhadap mantan Menteri Pendidikan, Kebudayaan, Riset, dan Teknologi Nadiem Anwar Makarim dalam perkara korupsi pengadaan Chromebook .

Dalam putusan banding yang dibacakan Kamis, 24 September 2026, majelis hakim mengurangi pidana penjara Nadiem dari 10 tahun menjadi 9 tahun.

Perubahan juga terjadi pada pidana tambahan berupa pembayaran uang pengganti. Nilainya dipangkas dari sekitar Rp809,59 miliar menjadi Rp548.761.031.950,86 atau sekitar Rp548,76 miliar.

"" Membayar uang pengganti sebesar Rp548.761.031.950,86,"" kata hakim saat membacakan putusan banding di Pengadilan Tinggi Jakarta , Kamis.

Selain pidana penjara dan uang pengganti, Nadiem tetap dikenai denda Rp1 miliar.

Apabila uang pengganti tersebut tidak dibayarkan, harta benda Nadiem dapat dirampas dan dilelang untuk menutupi kewajibannya.

Jika harta benda yang dirampas dan dilelang tidak mencukupi, kewajiban uang pengganti tersebut diganti dengan pidana penjara selama enam tahun.

Hakim juga menyatakan pembayaran uang pengganti yang telah dilakukan akan diperhitungkan sesuai ketentuan dalam putusan.

Pertimbangan Hakim Pangkas Uang Pengganti

Dalam pertimbangannya, majelis hakim menyatakan uang pengganti ditujukan untuk memulihkan kerugian keuangan negara yang ditimbulkan dalam perkara tersebut.

Nilai kerugian negara yang menjadi dasar perkara disebut mencapai Rp1.567.888.662.716,74 atau sekitar Rp1,56 triliun.

Kerugian tersebut berkaitan dengan pengadaan laptop Chromebook dan Chrome Device Management (CDM) dalam program digitalisasi pendidikan di lingkungan Kemendikbudristek periode 2019-2022.

Majelis hakim menekankan bahwa pembebanan uang pengganti harus memperhatikan asas proporsionalitas dan individualisasi pidana.

Menurut hakim, pertanggungjawaban pidana tambahan tidak boleh dibebankan melebihi peran masing-masing pihak yang terbukti terlibat dalam tindak pidana.

Karena itu, majelis hakim membagi beban pengembalian kerugian negara kepada sejumlah pihak berdasarkan peran dan keuntungan yang dinilai diperoleh dalam perkara tersebut.

Nadiem Dibebankan 35 Persen

Majelis hakim menyatakan Nadiem sebagai Menteri Kemendikbudristek ketika proyek tersebut berlangsung merupakan pelaku utama dalam tindak pidana yang telah terbukti.

Atas pertimbangan tersebut, Nadiem dibebankan uang pengganti sebesar 35 persen dari nilai kerugian negara yang dihitung dalam perkara.

Sementara itu, distributor dibebankan 15 persen dari kerugian negara.

Majelis hakim juga menyatakan pihak Google sebagai penerima keuntungan dari penggunaan lisensi Chrome OS dan Chrome Device Management dibebankan 50 persen dari total kerugian negara setelah memperhitungkan pembayaran uang pengganti oleh pihak yang turut serta.

Pembagian tersebut menjadi dasar majelis hakim dalam menetapkan jumlah uang pengganti yang harus dibayarkan Nadiem.

Ada Pembayaran dari Terdakwa Lain

Dalam pertimbangannya, majelis hakim juga memperhitungkan pembayaran uang pengganti yang telah dilakukan terdakwa lain dalam perkara tersebut.

Mulyatsah dan Ibrahim Arief masing-masing telah membayar uang pengganti sebesar Rp2,2 miliar dan Rp5 miliar.

Selain itu, hakim mencatat pembayaran dari Harnowo sebesar Rp300 juta dan Nia sebesar Rp250 juta.

Pembayaran-pembayaran tersebut ikut diperhitungkan dalam mekanisme pemulihan kerugian keuangan negara.

Sebelum putusan banding, Pengadilan Tipikor pada Pengadilan Negeri Jakarta Pusat menjatuhkan hukuman 10 tahun penjara kepada Nadiem.

Putusan tersebut dibacakan pada 30 Juni 2026. Saat itu Nadiem dinyatakan terbukti melakukan tindak pidana korupsi secara bersama-sama dalam perkara pengadaan Chromebook dan CDM.

Selain 10 tahun penjara, Nadiem ketika itu dijatuhi denda Rp1 miliar dengan ketentuan subsider pidana kurungan serta diwajibkan membayar uang pengganti sekitar Rp809,59 miliar dengan subsider lima tahun penjara.

Nadiem kemudian mengajukan banding terhadap putusan tersebut.

Dalam proses banding, penasihat hukum Nadiem sebelumnya meminta majelis hakim Pengadilan Tinggi DKI Jakarta membuka kembali sejumlah pertimbangan yang digunakan hakim tingkat pertama dalam menjatuhkan vonis.

Perkara Pengadaan Chromebook

Perkara yang menjerat Nadiem berkaitan dengan pengadaan laptop berbasis Chromebook serta Chrome Device Management dalam program digitalisasi pendidikan Kemendikbudristek periode 2019-2022.

Pada tingkat pertama, majelis hakim menyatakan Nadiem terbukti melakukan korupsi secara bersama-sama.

Hakim tingkat pertama juga menyatakan pengadaan tersebut menguntungkan Google sebagai korporasi melalui penggunaan lisensi Chrome OS dan CDM.

Setelah mengajukan banding, Nadiem menjalani rangkaian persidangan di Pengadilan Tinggi DKI Jakarta sejak Agustus 2026.

Sidang putusan banding kemudian digelar pada Kamis, 24 September 2026.

Hasilnya, majelis hakim mengurangi hukuman penjara Nadiem dari 10 tahun menjadi 9 tahun serta menurunkan uang pengganti menjadi Rp548.761.031.950,86.

Denda Rp1 miliar tetap dibebankan kepada Nadiem.

Putusan banding tersebut menjadi perkembangan terbaru dalam perkara pengadaan Chromebook yang masih berlanjut melalui proses hukum sesuai mekanisme yang tersedia bagi para pihak.***",WJT,Negative,,
"Sep 24, 2026",September,STRAITSTIMES.COM,Inter,Tier 3,https://www.straitstimes.com/asia/se-asia/indonesia-court-reduces-gojek-founders-sentence-to-9-years-in-appeal-hearing,Indonesia court reduces Gojek founder’s sentence to 9 years in appeal hearing,"Sign up now: Get insights on Asia's fast-moving developments

Indonesia’s former education minister and co-founder of ride-hailing firm Gojek Nadiem Makarim was sentenced to 9 years in prison in June.

JAKARTA – An Indonesian court has reduced the prison sentence of Gojek founder and former education minister Nadiem Makarim from 10 years to 9 years in an appeal hearing for a graft conviction relating to improper laptop procurement, judges said on Sept 24 .

Nadiem was sentenced to 10 years in prison in June after the court found him guilty of abusing his authority during the procurement of Google Chromebooks for schools in Indonesia that led to US$125 million (S$160 million) in state losses. He filed an appeal on July 1 to the Jakarta high court.

One judge, Catur Iriantoro, said on Sept 24 that they did not approve Nadiem’s appeal to dismiss all charges because the previous ruling was consistent with the facts established at trial, the evidence presented, and witness testimony.

The court also cut the amount of restitution Nadiem must pay from 809 billion rupiah (S$57.9 million) to 548 billion rupiah, another judge, Subachran Hardi Mulyana, said.

After the hearing, Nadiem expressed his disappointment with the ruling and told reporters he would file another appeal to the Supreme Court.

“The victim now is not just me, but the credibility of the law enforcement system in Indonesia,” he said.

Judges also upheld a previous ruling that said Makarim had adjusted the tender requirements to favour Chrome, which benefited Google and restricted competition. REUTERS",The Straits Times,Neutral,"Catur Iriantoro, Subachran Hardi Mulyana","Catur Iriantoro (direct), Subachran Hardi Mulyana (direct)"
"Sep 24, 2026",September,JAWAPOS.COM,National,Tier 1,https://www.jawapos.com/kasuistika/2609240188/hakim-banding-pengadaan-chromebook-era-nadiem-makarim-untungkan-google,Hakim Banding: Pengadaan Chromebook Era Nadiem Makarim Untungkan Google,"Mantan Menteri Pendidikan Kebudayaan Riset dan Teknologi sekaligus terdakwa kasus korupsi pengadaan Chromebook Nadiem Anwar Makarim bersama istrinya Franka Karim usai mengikuti sidang di Pengadilan Tinggi, Jakarta, Selasa (24/6/2026). (Dery Ridwansah/ JawaPos.com) JawaPos.com - Majelis Hakim Pengadilan Tinggi (PT) DKI Jakarta menilai rangkaian tindakan Nadiem Makarim dalam pengadaan Chromebook di lingkungan Kemendikbudristek menguntungkan Google. Tindakan itu dilakukan ketika Nadiem masih menjabat sebagai Menteri Pendidikan, Kebudayaan, Riset, dan Teknologi (Mendikbudristek)&nbsp; Penilaian tersebut disampaikan majelis hakim, saat menolak keberatan yang diajukan tim penasihat hukum Nadiem terhadap pertimbangan majelis hakim tingkat pertama dalam perkara dugaan korupsi pengadaan Chromebook. Hakim Anggota Hotma Maya Marbun mengatakan, keberatan yang diajukan pihak Nadiem pada dasarnya telah dipertimbangkan dan dijawab oleh majelis hakim tingkat pertama maupun tingkat banding. ""Menimbang bahwa berdasarkan pertimbangan di atas, keberatan advokat terdakwa di atas telah dijawab oleh majelis hakim tingkat pertama dan majelis hakim pengadilan tinggi, oleh karena itu keberatan dimaksud harus ditolak,"" kata Hakim Hotma membacakan pertimbangan di PT DKI Jakarta, Kamis (24/9). Dalam pertimbangannya, majelis hakim tingkat banding juga menyatakan sependapat dengan putusan tingkat pertama yang menilai Google memperoleh keuntungan dari pengadaan Chromebook. Hakim mengaitkan hal tersebut dengan sejumlah kebijakan yang diterbitkan pada masa Nadiem menjabat sebagai Mendikbudristek. Majelis hakim menyoroti Permendikbud Nomor 11 Tahun 2020 dan Permendikbud Nomor 5 Tahun 2021. ""Kehendak terdakwa untuk menguntungkan korporasi Google tersebut terwujud melalui rangkaian perbuatan jabatan, di antaranya melalui penandatanganan dua peraturan perundang-undangan yang mengunci spesifikasi pengadaan pada produk Google selama dua tahun anggaran berturut-turut,"" tegas Hotma. Pengadaan Chromebook Berujung pada Monopoli Hakim menilai, penggunaan sistem operasi tertentu dalam spesifikasi pengadaan berdampak pada terbatasnya peserta yang dapat mengikuti proses tersebut. Kondisi itu semakin diperketat dengan adanya komponen pendukung yang bersifat eksklusif, yakni Chrome Device Management (CDM). Menurut majelis hakim, CDM hanya dapat diperoleh melalui prinsipal yang ditunjuk Google. ""Oleh karena pengadaan laptop dikunci pada sistem operasi tertentu atau Chrome OS, dan sekaligus diadakan pula komponen pendukung eksklusifnya seperti CDM dan hanya dapat dipasok melalui prinsipal yang ditunjuk oleh Google, maka mengakibatkan kompetisi pengadaan menjadi sangat terbatas karena hanya prinsipal tertentu yang dapat mengikuti,"" tegasnya. Majelis hakim juga mengaitkan terbatasnya persaingan dengan persoalan harga dalam pengadaan Chromebook. Menurut hakim, minimnya kompetisi membuat proses pengadaan tidak berlangsung dalam persaingan yang sebenarnya. Kondisi tersebut, lanjut hakim, kemudian berujung pada harga pengadaan yang dinilai terlalu tinggi. ""Terjadi kemahalan harga karena tidak ada persaingan yang sesungguhnya sehingga terjadi monopoli yang menimbulkan kemahalan harga atau mark up,"" jelas hakim. Nadiem Divonis 9 Tahun Penjara Pengadilan Tinggi DKI Jakarta memangkas hukuman mantan Mendikbudristek Nadiem Makarim menjadi 9 tahun penjara. dengan demikian, Nadiem tetap dinyatakan terbukti melalukan tindak pidana korupsi dalam pengadaan chromebook. ""Menyatakan Terdakwa Nadiem Anwar Makarim telah terbukti secara sah dan meyakinkan bersalah melakukan tindak pidana korupsi yang dilakukan secara bersama-sama sebagaimana dalam dakwaan subsidair Penuntut Umum,"" kata Ketua Majelis Hakim PT DKI Jakarta Subachan Hardi Mulyana membacakan amar putusan. ""Menjatuhkan pidana kepada Terdakwa Nadiem Anwar Makarim oleh karena itu dengan pidana penjara selama 9 tahun dan pidana denda sejumlah Rp 1 miliar yang harus dibayar dalam jangka waktu 1 (satu) bulan dan dapat diperpanjang untuk paling lama satu bulan sejak putusan berkekuatan hukum tetap,"" sambungnya. Hakim tingkat banding juga memangkas hukuman uang pengganti terhadap Nadiem Makarim. Hakim menjatuhkan hukuman uang pengganti sebesar Rp 548.761.031.950,86 subsider 6 tahun kurungan. Hukuman itu lebih ringan dari putusan tingkat pertama pada Pengadilan Tindak Pidana Korupsi (Tipikor) Jakarta.",Muhammad Ridwan,Negative,Hotma Maya Marbun,Hotma Maya Marbun (direct)
"Sep 24, 2026",September,RM.ID,National,Tier 3,https://rm.id/baca-berita/nasional/327460/pt-dki-pangkas-hukuman-nadiem-jadi-9-tahun-uang-pengganti-rp-5487-miliar,"PT DKI Pangkas Hukuman Nadiem Jadi 9 Tahun, Uang Pengganti Rp 548,7 Miliar","RM .id Rakyat Merdeka - Majelis hakim Pengadilan Tinggi (PT) DKI Jakarta memangkas hukuman mantan Menteri Pendidikan, Kebudayaan, Riset, dan Teknologi (Mendikbudristek) Nadiem Makarim dalam perkara korupsi pengadaan laptop Chromebook dan Chrome Device Management (CDM) periode 2019–2022.

Nadiem yang sebelumnya divonis 10 tahun penjara kini dijatuhi hukuman 9 tahun penjara. Majelis hakim juga mengurangi uang pengganti dari Rp 809,5 miliar menjadi Rp 548,7 miliar.

""Menjatuhkan pidana penjara terhadap Nadiem Anwar Makarim, oleh karena itu, selama 9 tahun,"" kata Ketua Majelis Hakim Subachran Hardi Mulyono saat membacakan amar putusan di PT DKI Jakarta, Kamis (24/9/2026).

Dalam putusan banding tersebut, Subachran didampingi hakim anggota Catur Iriantoro dan Hotma Maya Marbun.

Majelis hakim mengubah putusan Pengadilan Tipikor pada Pengadilan Negeri Jakarta Pusat Nomor 147/Pid.Sus-TPK/2025/PN Jkt.Pst tanggal 30 Juni 2026.

Selain pidana penjara, majelis hakim menjatuhkan denda Rp 1 miliar kepada Nadiem. Denda tersebut harus dibayar dalam waktu satu bulan setelah putusan berkekuatan hukum tetap atau inkrah. Jika denda tidak dibayarkan, Nadiem dikenakan pidana penjara pengganti selama 140 hari.

Majelis hakim juga menghukum Nadiem membayar uang pengganti sebesar Rp 548,7 miliar dengan ketentuan subsider enam tahun penjara.

Hakim menyatakan, Nadiem terbukti secara sah dan meyakinkan bersalah melakukan tindak pidana korupsi dalam pengadaan laptop Chromebook dan CDM secara bersama-sama.

Majelis hakim juga menyatakan Nadiem sebagai pelaku utama dalam perkara tersebut. Atas perbuatannya, Nadiem dinyatakan melanggar Pasal 3 juncto Pasal 18 Undang-Undang Nomor 31 Tahun 1999 tentang Pemberantasan Tindak Pidana Korupsi juncto Pasal 55 ayat (1) ke-1 KUHP.

Sebelumnya, Pengadilan Tipikor Jakarta Pusat menjatuhkan hukuman 10 tahun penjara kepada Nadiem pada 30 Juni 2026. Selain hukuman penjara, Nadiem dijatuhi denda Rp 1 miliar serta uang pengganti Rp 809,5 miliar dengan subsider lima tahun penjara.

Putusan tingkat pertama tersebut tidak bulat. Hakim anggota IV Andi Saputra menyampaikan pendapat berbeda atau dissenting opinion .

Andi berpendapat Nadiem tidak terbukti melakukan perbuatan melawan hukum maupun korupsi secara bersama-sama. Karena itu, dia menilai Nadiem seharusnya dibebaskan dari seluruh dakwaan jaksa.

Update berita dan artikel RM.ID menarik lainnya di Google News

Dapatkan juga update berita pilihan dan breaking news setiap hari dari RM.id . Mari bergabung di Grup Telegram ""Rakyat Merdeka News Update"" , caranya klik link https://t.me/officialrakyatmerdeka kemudian join. Anda harus install aplikasi Telegram terlebih dulu di ponsel.",OKTAVIAN SURYA DEWANGGA,Negative,"Andi Saputra, Subachran Hardi","Andi Saputra (direct), Subachran Hardi (direct)"
"Sep 24, 2026",September,IDNTIMES.COM,National,Tier 2,https://www.idntimes.com/news/indonesia/tak-terima-vonis-banding-nadiem-langsung-kasasi-00-gg3v5-2c80n7,"Tak Terima Vonis Banding, Nadiem Langsung Kasasi","Jakarta, IDN Times - Mantan Menteri Pendidikan, Kebudayaan, Riset dan Teknologi (Mendikbudristek) Nadiem Makarim tak terima dengan vonis sembilan tahun penjara, denda Rp1 miliar subsider 140 hari kurungan, serta uang pengganti Rp548.761.031.950,86 subsider enam tahun penjara yang diputus Hakim Pengadilan Tinggi DKI Jakarta. Ia menyatakan bakal langsung mengajukan kasasi.""Betul, kami akan langsung mengajukan kasasi secepat mungkin,"" ujar Nadiem selepas persidangan di Pengadilan Tinggi DKI Jakarta, Kamis (24/9/2026).Nadiem menegaskan tidak akan menyerah. Ia tak ingin menerima putusan apapun selain bebas.""Saya masih di sini, saya tidak akan putus asa, saya tidak akan menyerah, dan saya tidak akan menerima hasil apapun di luar bebas,"" ujarnya.Nadiem mengaku kecewa dan sedih karena tetap dinyatakan bersalah. Namun, ia mengapresiasi adanya perubahan hukuman yang diputus majelis hakim.""Walaupun saya sangat kecewa dan sedih bahwa keputusannya bersalah, saya juga harus mengapresiasi bahwa ada penurunan, ada koreksi daripada keputusan di Pengadilan Negeri. Baik hukuman diturunkan, uang pengganti diturunkan,"" ujarnya.Diketahui, PT DKI mengubah hukuman Nadiem Makarim menjadi vonis sembilan tahun penjara, denda Rp1 miliar subsider 140 hari kurungan, serta uang pengganti Rp548.761.031.950,86 subsider enam tahun penjara. Sebelumnya, Nadiem Makarim divonis bersalah oleh Pengadilan Tindak Pidana Korupsi pada Pengadilan Negeri Jakarta Pusat dalam kasus pengadaan Laptop Chromebook dan Chrome Device Management. Ia divonis pidana penjara 10 tahun, denda Rp1 miliar subsider 190 hari kurungan, serta uang pengganti Rp809 miliar subsider 5 tahun kurungan.",Aryodamar,Neutral,,
"Sep 24, 2026",September,CNNINDONESIA.COM,National,Tier 1,https://www.cnnindonesia.com/nasional/20260924131453-12-1407705/putusan-banding-nadiem-uang-pengganti-juga-dipangkas-jadi-rp548-m,Putusan Banding Nadiem: Uang Pengganti Juga Dipangkas jadi Rp548 M,"Majelis hakim Pengadilan Tinggi (PT) DKI Jakarta turut memangkas uang pengganti yang harus dibayar oleh mantan Menteri Pendidikan, Kebudayaan, Riset, dan Teknologi, Nadiem Makarim , selaku Terdakwa kasus korupsi pengadaan laptop Chromebook dan Chrome Device Management (CDM) tahun anggaran 2020-2022.

Nadiem kini dibebani uang pengganti sejumlah Rp548 miliar subsider 6 tahun penjara, yang sebelumnya Rp809,5 miliar.

""Menghukum Terdakwa membayar uang pengganti sebesar Rp548.761.031.950,86 subsider 6 tahun penjara,"" ujar ketua majelis hakim PT DKI Jakarta, Subachan Hardi Mulyana, saat membacakan amar putusan, Kamis (24/9).

SCROLL TO CONTINUE WITH CONTENT

Dalam putusannya, hakim menjatuhkan hukuman 9 tahun penjara dan denda sebesar Rp1 miliar subsider 140 hari pidana penjara kepada Nadiem.

""Menyatakan Terdakwa Nadiem Anwar Makarim telah terbukti secara sah dan meyakinkan bersalah melakukan tindak pidana korupsi yang dilakukan secara bersama-sama sebagaimana dalam dakwaan subsidair Penuntut Umum,"" kata hakim.

Selain memangkas uang pengganti, hakim juga mengurangi hukuman penjara Nadiem dari 10 tahun menjadi 9 tahun.

Perkara ini diperiksa dan diadili oleh ketua majelis Subachran Hardi Mulyono dengan hakim anggota yaitu Catur Iriantoro dan Hotma Maya Marbun.

Hukuman itu lebih ringan dari putusan tingkat pertama pada Pengadilan Tindak Pidana Korupsi (Tipikor) pada Pengadilan Negeri (PN) Jakarta Pusat.

Saat itu, Nadiem dihukum dengan pidana penjara 10 tahun dan denda Rp1 miliar subsider 190 hari penjara.

Hakim juga menjatuhkan pidana tambahan berupa kewajiban membayar uang pengganti sejumlah Rp809,5 miliar. Jika uang pengganti tidak dibayar, maka akan diganti dengan pidana 5 tahun penjara.

Putusan tersebut tidak bulat karena hakim anggota IV Andi Saputra mempunyai pendapat berbeda atau dissenting opinion.

Menurut Andi, Nadiem seharusnya dibebaskan dari semua dakwaan dan tuntutan JPU karena tidak terbukti melakukan tindak pidana korupsi yang merugikan keuangan negara.",https://www.facebook.com/CNNIndonesia,Negative,,
"Sep 24, 2026",September,BALIKPAPAN.INEWS.ID,National,Tier 3,https://balikpapan.inews.id/read/718166/hakim-pengadilan-tinggi-dki-korting-hukuman-nadiem-makarim-jadi-9-tahun-penjara,Hakim Pengadilan Tinggi DKI Korting Hukuman Nadiem Makarim jadi 9 Tahun Penjara,"JAKARTA, iNewsBalikpapan.id - Langkah banding mantan Menteri Pendidikan, Kebudayaan, Riset dan Teknologi (Mendikbudristek) Nadiem Anwar Makarim dalam perkara korupsi chromebook, membuahkan hasil.

Majelis Hakim Pengadilan Tinggi DKI Jakarta memangkas hukuman Nadiem menjadi 9 tahun penjara setelah bandingnya diterima dalam pembacaaan putusan, Kamis (24/9/2026).

""Menjatuhkan pidana terhadap Nadiem Anwar Makarim dengan pidana penjara 9 tahun dan denda Rp1 miliar yang harus dibayar dalam jangka waktu satu bulan,"" kata Ketua Majelis Hakim, Subachran Hardi Mulyana dalam persidangan.

Majelis hakim Pengadilan Tipikor Jakarta Pusat sebelumnya menghukuman Nadiem dengan divonis pidana penjara selama 10 tahun setelah dinyatakan terbukti secara sah dan meyakinkan melakukan tindak pidana korupsi secara bersama-sama dalam perkara pengadaan Chromebook dan Chrome Device Management (CDM).

Tidak hanya pidana penjara, hakim PT DKI juga mengurangi hukuman uang pengganti yang dibebankan kepada Nadiem menjadi Rp548,76 miliar subsider 6 tahun penjara.

""Jika terdakwa tidak membayar uang pengganti tersebut paling lama satu bulan, maka harta benda milik terdakwa dapat disita oleh jaksa untuk membayar uang pengganti atau tidak cukup makan terdakwa akan dijatuhi hukuman penjara 6 tahun"" ujarnya.

Dalam persidangan tersebut, majelis hakim juga menolak keberatan Nadiem terhadap pertimbangan majelis hakim tingkat pertama dalam perkara dugaan korupsi pengadaan Chromebook.

Hakim menilai perbuatan Nadiem Makarim saat menjabat sebagai Mendikbudristek telah memberikan keuntungan kepada Google dalam pengadaan Chromebook di Kemendikbudristek.

""Keberatan advokat terdakwa di atas telah dijawab oleh majelis hakim tingkat pertama dan majelis hakim pengadilan tinggi, oleh karena itu keberatan dimaksud harus ditolak,"" kata Hakim Anggota, Hotma Maya Marbun.",Abriandi,Negative,,
"Sep 24, 2026",September,JOURNALISTINDEPENDENT.COM,National,Tier 3,https://journalistindependent.com/2026/09/24/vonis-nadiem-makarim-dipangkas-jadi-9-tahun/,Vonis Nadiem Makarim Dipangkas Jadi 9 Tahun,"JAKARTA — Majelis hakim Pengadilan Tinggi Jakarta memangkas hukuman mantan Menteri Pendidikan, Kebudayaan, Riset dan Teknologi (Mendikbudristek) Nadiem Anwar Makarim dalam perkara korupsi pengadaan Chromebook.

Dalam putusan banding yang dibacakan Kamis (24/9/2026), hukuman Nadiem turun dari 10 tahun menjadi 9 tahun penjara.

Sidang pembacaan putusan berlangsung di Pengadilan Tinggi Jakarta. Majelis hakim menyatakan tidak menemukan alasan pembenar maupun alasan pemaaf yang dapat menghapus pertanggungjawaban pidana Nadiem.

“Menjatuhkan pidana kepada Terdakwa Nadiem Anwar Makarim oleh karena itu dengan pidana penjara selama 9 tahun,” ujar hakim.

Selain pidana penjara, majelis hakim menjatuhkan denda Rp1 miliar kepada Nadiem.

Apabila denda tersebut tidak dibayarkan, hukuman tersebut diganti dengan pidana penjara selama 140 hari.

Majelis hakim banding juga menyatakan Pengadilan Tipikor pada Pengadilan Negeri Jakarta Pusat telah mempertimbangkan perkara tersebut secara tepat, baik dalam menilai alat bukti maupun menerapkan ketentuan hukum.

“Pertimbangan majelis hakim tingkat pertama telah mempertimbangkan perkara a quo secara tepat, baik dalam penilaian terhadap pembuktian dan penerapan hukum,” ujar hakim saat membacakan putusan.

Dalam putusan tingkat banding, hakim menyebut perkara pengadaan Chromebook tersebut menimbulkan kerugian negara sebesar Rp1,5 triliun.

Majelis hakim juga menyatakan Nadiem terbukti bersalah melanggar Pasal 604 KUHP.

Selain mengubah hukuman pidana, hakim banding turut mengubah besaran uang pengganti yang harus dibayarkan Nadiem. Rincian nilai uang pengganti tersebut menjadi bagian dari amar putusan banding yang dibacakan dalam persidangan.

Sebelumnya, Pengadilan Tipikor Jakarta Pusat menjatuhkan hukuman 10 tahun penjara kepada Nadiem dalam perkara pengadaan Chromebook. Putusan tersebut kemudian diajukan banding dan diputus Pengadilan Tinggi Jakarta pada Kamis (24/9/2026).",Ahmad Achie,Negative,,
"Sep 24, 2026",September,KOMPAS.COM,National,Tier 1,https://nasional.kompas.com/read/2026/09/24/13130641/hukuman-nadiem-makarim-dikurangi-jadi-9-tahun,Hukuman Nadiem Makarim Dikurangi Jadi 9 Tahun,"JAKARTA, KOMPAS.com - Mantan Menteri Pendidikan, Kebudayaan, Riset, dan Teknologi (Mendikbudristek) Nadiem Makarim hanya tertunduk saat mendengarkan putusan banding yang dibacakan majelis hakim Pengadilan Tinggi Jakarta.

Selama persidangan, Nadiem duduk dan sesekali tertunduk ketika mendengarkan sejumlah pertimbangan hakim atas banding yang diajukan terkait perkara korupsi pengadaan laptop berbasis Chromebook .

Ketika membacakan hukuman yang dijatuhkan, hakim meminta Nadiem berdiri. Saat itu, Nadiem menatap hakim.

Saat hakim membacakan putusan, Nadiem tidak menunjukkan ekspresi.

Dia kemudian kembali duduk di kursi yang disediakan dan menghampiri tim pengacaranya.

Setelah itu, Nadiem menghampiri istrinya yang duduk di bangku pengunjung.

Ketua Majelis Hakim Subachran Hardi Mulyono meringankan hukuman Nadiem dibandingkan putusan tingkat pertama.

""Menjatuhkan pidana kepada terdakwa Nadiem Anwar Makarim oleh karena itu dengan pidana penjara selama 9 tahun dan pidana denda sejumlah Rp 1 miliar yang harus dibayar dalam jangka waktu 1 bulan dan dapat diperpanjang untuk paling lama 1 bulan sejak putusan berkekuatan hukum tetap,"" ucap Subachran Hardi Mulyono, dalam sidang di Pengadilan Tinggi Negeri Jakarta, Kamis (24/9/2026).

Hukuman tersebut lebih ringan dibandingkan putusan tingkat pertama.

Sebelumnya, Nadiem dihukum 10 tahun penjara dan denda Rp 1 miliar.

""Menetapkan jika pidana denda tidak dibayar dalam jangka waktu yang telah ditentukan, kekayaan dan pendapatan terpidana disita dan dilelang untuk melunasi pidana denda yang tidak dibayar,"" ujar dia.

""Dalam hal hasil penyitaan dan pelelangan kekayaan dan pendapatan tidak cukup atau tidak memungkinkan untuk dilaksanakan, pidana denda yang tidak dibayar tersebut diganti dengan pidana penjara selama 140 hari,"" sambung dia.

Selain itu, majelis hakim menurunkan uang pengganti menjadi Rp 548 miliar dari sebelumnya Rp 809 miliar.

""Jika terdakwa tidak membayar uang pengganti tersebut paling lama 1 bulan sesudah putusan pengadilan telah berkekuatan hukum tetap, maka harta benda milik terdakwa dapat disita oleh jaksa dan dilelang untuk membayar uang pengganti,"" kata dia.

""Dalam hal terdakwa tidak mempunyai harta benda lagi yang cukup untuk membayar uang pengganti, maka terdakwa dijatuhi pidana penjara selama 6 tahun,"" sambung dia.",Febryan Kevin Candra Kurniawan,Negative,,
"Sep 24, 2026",September,INEWS.ID,National,Tier 3,https://www.inews.id/news/nasional/breaking-news-vonis-nadiem-makarim-dipangkas-jadi-9-tahun-penjara,Breaking News: Vonis Nadiem Makarim Dipangkas Jadi 9 Tahun Penjara,"JAKARTA, iNews.id - Majelis Hakim Pengadilan Tinggi DKI Jakarta memangkas vonis terhadap mantan Menteri Pendidikan, Kebudayaan, Riset dan Teknologi ( Mendikbudristek ) Nadiem Anwar Makarim menjadi 9 tahun penjara . Putusan ini dibacakan Ketua Majelis Hakim, Subachran Hardi Mulyana dalam persidangan, Kamis (24/9/2026).

""Menjatuhkan pidana terhadap Nadiem Anwar Makarim dengan pidana penjara 9 tahun dan denda Rp1 miliar yang harus dibayar dalam jangka waktu satu bulan,"" ucap Hardi dalam persidangan.

Selain itu, majelis hakim juga mengurangi uang pengganti yang harus dibayar Nadiem menjadi Rp548,76 miliar. Namun, jika Nadiem tidak mampu membayar uang pengganti setelah harta benda disita, maka dia harus menjalani masa hukuman tambahan 6 tahun penjara.

""Menghukum terdakwa membayar uang pengganti sebesar Rp548.761.000.031.950. Jika terdakwa tidak membayar uang pengganti tersebut paling lama satu bulan sesudah putusan berkekuatan hukum tetap, maka harta benda milik terdakwa dapat disita oleh jaksa untuk membayar uang pengganti,"" kata ketua majelis hakim.

""Dalam hal jika terdakwa tidak memiliki harta benda yang cukup untuk membayar uang pengganti untuk membayar uang pengganti, maka terdakwa akan dijatuhi hukuman penjara 6 tahun"" tuturnya.",Jonathan Simanjuntak,Neutral,,
"Sep 24, 2026",September,SUMBAR.ANTARANEWS.COM,Regional,Tier 1,https://sumbar.antaranews.com/berita/780029/hukuman-nadiem-dikurangi-jadi-9-tahun-penjara-di-kasus-chromebook,"Hukuman Nadiem dikurangi jadi 9 tahun penjara di kasus ""Chromebook""","Jakarta (ANTARA) - Pengadilan Tinggi DKI Jakarta mengurangi hukuman Menteri Pendidikan, Kebudayaan, Riset, dan Teknologi periode 2019-2024 Nadiem Anwar Makarim menjadi 9 tahun penjara dari sebelumnya 10 tahun penjara terkait kasus dugaan korupsi Chromebook .

Hakim Ketua Subachran Hardi Mulyana menyatakan putusan Majelis Hakim pada Pengadilan Tingkat Pertama tidak tepat untuk dipertahankan seluruhnya, tetapi perlu diubah sepanjang bagian-bagian yang telah dipertimbangkan dan dinyatakan beralasan dalam putusan tersebut.

""Sementara terhadap pertimbangan hukum Majelis Hakim pada Tingkat Pertama yang telah sesuai dengan fakta hukum dan penerapan hukum yang benar tetap dipertahankan serta diambil alih sebagai bagian yang tidak terpisahkan dalam putusan banding ini,"" kata Hakim Ketua saat membacakan putusan dalam sidang banding di Pengadilan Tinggi DKI Jakarta, Kamis.

Selain pidana penjara, PT DKI Jakarta turut meringankan pidana denda serta pidana tambahan yang telah dijatuhkan kepada Nadiem.

Adapun pidana denda diringankan menjadi Rp1 miliar subsider 140 hari penjara dari Rp1 miliar subsider 190 hari penjara, sedangkan pidana tambahan diubah menjadi Rp548,76 miliar subsider 6 tahun penjara dari Rp809,59 miliar subsider 5 tahun penjara.

Sebelum menjatuhkan putusan banding, Majelis Hakim mempertimbangkan beberapa hal yang memberatkan dan meringankan, yang ada pada diri Nadiem.

Keadaan memberatkan, yakni perbuatan Nadiem tidak mendukung program pemerintah yang sedang gencar melakukan pemberantasan korupsi.

Sementara faktor meringankan yang dipertimbangkan majelis hakim, yaitu Nadiem bersikap sopan di persidangan persidangan, telah berjasa dalam membuka lapangan pekerjaan di bidang transportasi, belum pernah dihukum, dan masih mempunyai tanggungan keluarga.

Dalam kasus dugaan korupsi program digitalisasi pendidikan berupa pengadaan laptop Chromebook dan Chrome Device Management (CDM) di lingkungan Kemendikbudristek tahun 2019-2022, Nadiem divonis terbukti bersalah melakukan korupsi dengan menyalahgunakan wewenang sehingga merugikan keuangan negara senilai Rp1,56 triliun.

Korupsi di antaranya dilakukan dengan melaksanakan pengadaan sarana pembelajaran berbasis teknologi informasi dan komunikasi berupa laptop Chromebook dan CDM tahun anggaran 2020, 2021, dan 2022, tidak sesuai dengan perencanaan pengadaan dan prinsip-prinsip pengadaan.

Perbuatan pendiri salah satu perusahaan teknologi itu dinyatakan dilakukan antara lain bersama-sama dengan tiga terdakwa lainnya yang telah divonis dalam persidangan berbeda, yakni Ibrahim Arief alias Ibam, Mulyatsyah dan Sri Wahyuningsih serta Jurist Tan, yang saat ini masih buron.

Dengan demikian, Nadiem divonis melanggar pidana yang diatur dalam Pasal 3 juncto Pasal 18 Undang-Undang (UU) Nomor 31 Tahun 1999 tentang Pemberantasan Tindak Pidana Korupsi sebagaimana telah diubah dan ditambah dengan UU Nomor 20 Tahun 2001 jo. Pasal 55 ayat (1) ke-1 KUHP.

Pewarta: Agatha Olivia Victoria Uploader: Laras Robert COPYRIGHT © ANTARA 2026",Laras Robert,Negative,Subachran Hardi Mulyana,Subachran Hardi Mulyana (direct)
"Sep 24, 2026",September,METROTVNEWS.COM,National,Tier 2,https://www.metrotvnews.com/read/KZmCQEpO-pengadilan-tinggi-jakarta-ubah-vonis-hukuman-nadiem-jadi-9-tahun-penjara,Pengadilan Tinggi Jakarta Ubah Vonis Hukuman Nadiem Jadi 9 Tahun Penjara,"Jakarta: Pengadilan Tinggi Jakarta menjatuhkan vonis banding terdakwa korupsi Chromebook Nadiem Makarim menjadi sembilan tahun penjara. Putusan tersebut berkurang satu tahun dari putusan 10 tahun penjara yang ditetapkan Pengadilan Tipikor Jakarta pada Pengadilan Negeri Jakarta Pusat (PN Jakpus). ""Menjatuhkan pidana terhadap terdakwa Nadiem Makarim dengan pidana penjara selama sembilan tahun,"" kata Ketua Majelis Hakim Subachran Hardi Mulyana dikutip dari Breaking News Metro TV , Kamis, 24 September 2026. Majelis hakim juga memvonis Nadiem dengan pidana denda sebesar Rp1 miliar. Vonis tersebut wajib dibayarkan satu bulan setelah putusan berkekuatan hukum tetap dan dapat diperpanjang selama satu bulan.",Metrotvnews.com,Negative,Subachran Hardi,Subachran Hardi (direct)
"Sep 24, 2026",September,KOMPAS.TV,National,Tier 3,https://www.kompas.tv/nasional/692377/vonis-banding-nadiem-makarim-uang-pengganti-dipangkas-jadi-rp548-miliar,Vonis Banding Nadiem Makarim: Uang Pengganti Dipangkas Jadi Rp548 Miliar,"JAKARTA, KOMPAS.TV - Majelis hakim Pengadilan Tinggi DKI Jakarta mengurangi hukuman uang pengganti yang dibebankan kepada mantan Menteri Pendidikan, Kebudayaan, Riset, dan Teknologi (Mendikbudristek), Nadiem Anwar Makarim dalam kasus korupsi pengadaan laptop Chromebook.

Dalam putusannya, majelis hakim di tingkat banding memotong hukuman uang pengganti Nadiem dari Rp809 miliar menjadi Rp548 miliar.

""Menghukum terdakwa membayar uang pengganti sebesar Rp548.761.031.950,86 (Rp 548 miliar),"" kata ketua majelis hakim PT DKI Jakarta saat membacakan amar putusan, Kamis (24/9/2026).

Hakim menyebut, jika Nadiem tidak membayar uang pengganti tersebut paling lama satu bulan sesudah putusan pengadilan berkekuatan hukum tetap, maka harta benda miliknya dapat disita oleh jaksa dan dilelang untuk membayar uang pengganti dimaksud.

""Dalam hal terdakwa tidak mempunyai harta benda lagi yang cukup untuk membayar uang pengganti, maka terdakwa dijatuhi pidana penjara selama 6 tahun,"" kata hakim.

""Dan apabila terdakwa membayar uang pengganti yang jumlahnya kurang dari seluruh kewajiban membayar uang penganti, maka jumlah unag pengganti yang telah dibayarkan tersebut akan diperhitungkan dengan lamanya pidana tambahan berupa pidana penjara sebagi pengganti dari kewajiban membayar uang pengganti.""

Selain uang pengganti, hakim juga mengurangi vonis Nadiem yang tadinya 10 tahun menjadi 9 tahun penjara.

Dalam putusannya, Nadiem turut dijatuhi pidana denda sebesar Rp1 miliar subsider 140 hari kurungan.

Hukuman Nadiem di tingkat banding ini lebih ringan dari putusan tingkat pertama pada Pengadilan Tindak Pidana Korupsi (Tipikor) Jakarta.

Nadiem dijatuhi vonis pidana penjara 10 tahun dan denda Rp1 miliar subsider 190 hari penjara.

Hakim di tingkat pertama juga menjatuhkan pidana tambahan berupa membayar uang pengganti sejumlah Rp809.597.125.000 (Rp809,6 miliar).

Dengan ketentuan apabila Nadiem tidak membayar uang pengganti paling lama dalam waktu 1 bulan sesudah putusan memperoleh kekuatan hukum tetap, maka harta bendanya dapat disita oleh jaksa dan dilelang untuk menutupi uang pengganti tersebut.

Jika Nadiem tidak mempunyai harta benda yang cukup untuk membayar uang pengganti, maka diganti dengan pidana penjara selama 5 tahun.

Download KompasTV Apps di TV kamu, sekarang juga di https://app.kompas.tv/ . Satu apps untuk semua Video Premium, Breaking News, dan Live Streaming 24/7 dari Kompas Gramedia.",Isnaya Helmi,Negative,,
"Sep 24, 2026",September,GELORA.CO,National,Tier 3,https://www.gelora.co/2026/09/hakim-banding-pangkas-vonis-nadiem.html,Article headline,"HOME HUKUM Hakim Banding Pangkas Vonis Nadiem Gelora News September 24, 2026 GELORA.CO -Majelis hakim Pengadilan Tinggi Jakarta memutuskan memangkas vonis mantan Mendikbudristek Nadiem Makarim selaku Terdakwa kasus korupsi pengadaan laptop Chromebook dan Chrome Device Management (CDM) tahun anggaran 2020-2022 dari 10 tahun menjadi 9 tahun penjara. Nadiem juga dihukum membayar denda Rp 1 miliar dan jika tak dibayar maka diganti 140 hari penjara. Majelis hakim banding juga memangkas uang pengganti yang dibebankan kepada Nadiem dalam perkara korupsi pengadaan laptop Chromebook, dari sebelumnya Rp809 miliar menjadi Rp548 miliar. Hakim menyatakan uang pengganti tersebut merupakan bagian dari upaya memulihkan kerugian negara dalam perkara ini yang mencapai Rp1.567.888.662.716,74 atau sekitar Rp1,5 triliun. ""Terdakwa selaku Menteri Kemendikbud sebagai pelaku utama dalam tindak pidana penyertaan pada pengadaan TIK di Kemendikbud harus bertanggung jawab dalam mengembalikan posisi keuangan negara seperti pada keadaan semula. Selain itu, pihak-pihak yang diuntungkan seperti Google dan prinsipal serta distributor atau koperasi penyedia laptop Chromebook juga dibebankan untuk membayar uang pengganti secara proporsional,"" ujar hakim saat membacakan putusan, Kamis, 24 September 2026. Hakim menyatakan Nadiem dibebankan uang pengganti 35 persen dari kerugian Rp 1,5 triliun karena dirinya merupakan pelaku utama. Berikutnya, distributor dibebankan uang pengganti 15 persen dari kerugian negara. ""Pihak Google sebagai penerima keuntungan dengan pemakaian lisensi Chrome OS dan CDM dibebankan membayar uang pengganti 50 persen dari total kerugian negara dikurangkan dengan uang pengganti yang dibayarkan pelaku turut serta,"" ujar hakim. Sumber: RMOL BERIKUTNYA SEBELUMNYA",Gelora News,Negative,,
"Sep 24, 2026",September,INEWS.ID,National,Tier 3,https://www.inews.id/news/nasional/hakim-banding-google-diuntungkan-dari-kasus-korupsi-chromebook-yang-jerat-nadiem-makarim/4,Hakim Banding: Google Diuntungkan dari Kasus Korupsi Chromebook yang Jerat Nadiem Makarim,"Sebagian besar investasi tersebut, kata Google, dilakukan jauh sebelum Nadiem Makarim ditunjuk sebagai Mendikbudristek.

""Investasi pada entitas terkait Gojek ini tidak memiliki hubungan apa pun dengan upaya jangka panjang kami dalam meningkatkan lanskap pendidikan di Indonesia maupun kerja sama kami dengan Kementerian Pendidikan terkait produk dan layanan kami,"" tulis Google.

Google mengeklaim tidak pernah menawarkan, menjanjikan, atau pun memberikan imbalan kepada pejabat Kemendikbudristek sebagai kompensasi atas keputusan untuk menggunakan produk-produk Google.

""Kami tetap berkomitmen untuk mendukung transformasi digital Indonesia dengan menjunjung tinggi standar transparansi dan integritas tertinggi,"" tutur Google.",Jonathan Simanjuntak,Negative,,
"Sep 24, 2026",September,MEDIAINDONESIA.COM,National,Tier 2,https://mediaindonesia.com/politik-dan-hukum/937053/hakim-kabulkan-banding-nadiem-atas-putusan-korupsi-chromebook-ini-perubahan-vonisnya,"Hakim Kabulkan Banding Nadiem atas Putusan Korupsi Chromebook, Ini Perubahan Vonisnya","PENGADILAN Tinggi (PT) DKI Jakarta resmi memangkas vonis terhadap mantan Menteri Pendidikan, Kebudayaan, Riset, dan Teknologi (Mendikbudristek) periode 2019-2024, Nadiem Anwar Makarim. Dalam sidang putusan banding yang digelar pada Kamis (24/9), majelis hakim mengurangi hukuman penjara Nadiem dari vonis awal 10 tahun menjadi 9 tahun penjara terkait kasus korupsi pengadaan Chromebook .

Hakim Ketua Subachran Hardi Mulyana menegaskan bahwa putusan Pengadilan Tingkat Pertama tidak sepenuhnya tepat untuk dipertahankan, sehingga perlu direvisi pada bagian-bagian tertentu yang dinilai beralasan hukum.

""Sementara terhadap pertimbangan hukum Majelis Hakim pada Tingkat Pertama yang telah sesuai dengan fakta hukum dan penerapan hukum yang benar tetap dipertahankan serta diambil alih sebagai bagian yang tidak terpisahkan dalam putusan banding ini,"" kata Hakim Ketua saat membacakan putusan dalam sidang banding di Pengadilan Tinggi DKI Jakarta, Kamis.

Selain masa kurungan pokok, PT DKI Jakarta turut meringankan sanksi denda serta hukuman tambahan yang dibebankan kepada Nadiem Makarim. Berikut adalah perincian penyesuaian hukumannya:

Sebelum menetapkan putusan banding tersebut, majelis hakim membeberkan sejumlah faktor yang memperberat serta meringankan posisi hukum terdakwa.

Kasus ini bermula dari dugaan tindak pidana korupsi dalam program digitalisasi pendidikan berupa pengadaan laptop Chromebook dan Chrome Device Management (CDM) di lingkungan Kemendikbudristek tahun anggaran 2019-2022.

Nadiem dinyatakan terbukti secara sah dan meyakinkan melakukan tindak pidana korupsi melalui penyalahgunaan wewenang. Akibat perbuatan tersebut, negara mengalami kerugian keuangan senilai Rp1,56 triliun.

Penyimpangan tersebut di antaranya dilakukan melalui pelaksanaan pengadaan sarana pembelajaran teknologi informasi dan komunikasi (TIK) pada 2020, 2021, dan 2022 yang menyalahi prosedur perencanaan serta prinsip-prinsip pengadaan barang dan jasa yang berlaku.

Dalam lingkaran kasus ini, pendiri salah satu perusahaan teknologi ternama tersebut melakukan tindak pidana bersama-sama dengan tiga terdakwa lain yang telah dijatuhi vonis dalam berkas terpisah, yakni Ibrahim Arief alias Ibam, Mulyatsyah, Sri Wahyuningsih, serta Jurist Tan yang statusnya kini masih buron.

Atas perbuatannya, Nadiem terbukti melanggar ketentuan hukum sebagaimana diatur dalam Pasal 3 juncto Pasal 18 Undang-Undang (UU) Nomor 31 Tahun 1999 tentang Pemberantasan Tindak Pidana Korupsi, sebagaimana telah diubah dengan UU Nomor 20 Tahun 2001 jo. Pasal 55 ayat (1) ke-1 KUHP. (Ant/E-4)",Putri yuliani,Negative,Subachran Hardi Mulyana,Subachran Hardi Mulyana (direct)
null WIB,,TEMPO.CO,National,Tier 1,https://www.tempo.co/hukum/hakim-banding-kurangi-vonis-nadiem-menjadi-9-tahun-penjara-2288787,Hakim Banding Kurangi Vonis Nadiem menjadi 9 Tahun Penjara,"MAJELIS hakim Pengadilan Tinggi DKI Jakarta mengurangi vonis eks Menteri Pendidikan, Kebudayaan, Riset, dan Teknologi, Nadiem Anwar Makarim dalam perkara dugaan korupsi pengadaan Chromebook. Pidana penjara Nadiem dipangkas dari yang sebelumnya 10 tahun menjadi 9 tahun. Putusan dibacakan pada Kamis, 24 September 2026.

“Menjatuhkan pidana kepada Terdakwa Nadiem Anwar Makarim oleh karena itu dengan pidana penjara selama 9 tahun,” ujar hakim ketua dalam amar putusan.

Hakim pengadilan tinggi tetap menghukum Nadiem dengan membayar denda Rp 1 miliar. Namun, apabila denda tersebut tak dibayar, hukuman kurungan penggantinya berkurang menjadi 140 hari kurungan penjara.

Hakim banding juga mengubah besaran uang pengganti yang harus dibayar Nadiem. Nadiem dihukum membayar uang pengganti Rp 548,76 miliar, turun dibandingkan putusan Pengadilan Tipikor Jakarta yakni Rp 809,59 miliar. “Dalam hal terdakwa tidak mempunyai harta benda lagi yang cukup untuk membayar uang pengganti, maka terdakwa dijatuhi pidana penjara selama 6 tahun,” kata hakim.

Kuasa hukum Nadiem mengajukan banding atas putusan 10 tahun penjara terhadap kliennya dalam perkara pengadaan laptop Chromebook dan Chrome Device Management (CDM) di lingkungan Kementerian Pendidikan, Kebudayaan, Riset, dan Teknologi periode 2019-2022. Tim kuasa hukum mengajukan permohonan tersebut secara elektronik ke Pengadilan Negeri Jakarta Pusat. Pengadilan kemudian mencatatnya dalam Surat Keterangan Permohonan Banding Nomor 50/Akta.Pid.Sus/TPK/2026/PN Jkt.Pst tertanggal Rabu, 1 Juli 2026.

""Kami meyakini bahwa fakta-fakta persidangan yang tidak terbantahkan, yang sayangnya tidak dipertimbangkan secara proporsional dalam putusan ini, akan mendapatkan penilaian yang lebih adil di tingkat banding,"" kata Ketua Tim Hukum Nadiem, Ari Yusuf Amir, saat dihubungi, Rabu.

Dalam surat keterangan permohonan banding yang diterima Tempo, tercantum nama Rifkho Achmad Bawazir selaku advokat tim hukum Nadiem Makarim yang mengajukan permohonan secara elektronik kepada Pelaksana Harian Panitera Pengadilan Negeri Jakarta Pusat, Hartanto. Permohonan banding tersebut diajukan terhadap putusan Pengadilan Tindak Pidana Korupsi pada Pengadilan Negeri Jakarta Pusat pada 30 Juni 2026 dalam perkara Nomor 147/Pid.Sus-TPK/2025/PN Jkt.Pst.

Ketua Majelis Hakim Purwanto S. Abdullah menjatuhkan vonis 10 tahun penjara kepada mantan Menteri Pendidikan, Kebudayaan, Riset, dan Teknologi Nadiem Makarim. Selain pidana penjara, hakim menghukum Nadiem membayar denda Rp 1 miliar. Apabila tidak membayar denda tersebut, Nadiem harus menjalani pidana penjara pengganti selama 190 hari. ""Menjatuhkan pidana tambahan pembayaran uang pengganti sebesar Rp 809.597.125.000 (Rp 809,59 miliar),"" kata Purwanto saat membacakan putusan, Selasa, 30 Juni 2026.

Hakim juga menetapkan bahwa apabila Nadiem tidak membayar uang pengganti, negara dapat menyita dan melelang harta bendanya. Jika nilai harta tersebut tidak mencukupi, hakim menggantinya dengan pidana penjara selama lima tahun.

Jaksa mendakwa Nadiem memperkaya diri sendiri sebesar Rp 809,59 miliar dalam perkara pengadaan laptop Chromebook dan Chrome Device Management di lingkungan Kementerian Pendidikan, Kebudayaan, Riset, dan Teknologi periode 2019–2022. Jaksa juga mendakwa Nadiem memperkaya 12 perusahaan swasta yang menjadi vendor Chromebook.

Menurut jaksa, Nadiem memilih Chromebook semata-mata untuk kepentingan bisnisnya agar Google meningkatkan investasi dan penyetoran dana ke PT Aplikasi Karya Anak Bangsa (AKAB), perusahaan yang ia dirikan. Setelah Gojek dan Tokopedia bergabung pada 2021, PT AKAB berubah nama menjadi PT GoTo Gojek Tokopedia. Google tercatat sebagai salah satu mitra bisnis lama Gojek sebelum bergabung dengan Tokopedia.

Jaksa menilai pengadaan Chromebook tersebut merugikan keuangan negara sebesar Rp 2,18 triliun. Nilai itu terdiri atas Rp 1,56 triliun dari pengadaan laptop Chromebook berdasarkan hasil audit Badan Pengawasan Keuangan dan Pembangunan (BPKP), serta US$ 44,05 juta atau setara Rp 621,38 miliar berdasarkan kurs terendah pada Agustus 2020 hingga Desember 2022 akibat pengadaan Chrome Device Management.●","Annisa Febiola, Ahmad Faiz Ibnu Sani",Negative,,
"Sep 24, 2026",September,BLOOMBERGTECHNOZ.COM,Inter,Tier 3,https://www.bloombergtechnoz.com/detail-news/122593/vonis-nadiem-turun-jadi-9-tahun-jaksa-diminta-usut-tppu,"Vonis Nadiem Turun jadi 9 Tahun, Jaksa Diminta Usut TPPU - Nasional","Bloomberg Technoz, Jakarta - Majelis hakim Pengadilan Tinggi Jakarta Pusat menurunkan vonis Menteri Pendidikan Kebudayaan Riset dan Teknologi 2019-2024 Nadiem Anwar Makarim menjadi sembilan tahun penjara.

Hukuman ini jauh lebih rendah dibandingkan dengan putusan pada tingkat pertama yakni 10 tahun penjara. Meski demikian, hakim tetap menyatakan bahwa Nadiem telah terbukti secara sah dan meyakinkan bersalah melakukan tindak pidana korupsi yang dilakukan secara bersama-sama sebagaimana dalam dakwaan subsider jaksa penuntut umum.

“Menjatuhkan pidana kepada terdakwa Nadiem Anwar Makarim oleh karena itu dengan pidana penjara selama 9 tahun,” ujar hakim saat membacakan putusan banding, Kamis (24/09/2026).

Nadiem juga dihukum membayar denda Rp1 miliar subsider 140 hari kurungan penjara. Nadiem juga dibebankan pidana tambahan berupa pembayaran uang pengganti sejumlah Rp548,7 miliar subsider pidana penjara selama 6 tahun. Angka hukuman uang pengganti lebih rendah dibandingkan dengan vonis pada tingkat pertama yakni sejumlah Rp809,59 miliar subsider pidana penjara selama 5 tahun.

“Memerintahkan terdakwa untuk berada dalam tahanan rumah,” ujar dia.",Dovana Hasiana,Negative,,
"Sep 24, 2026",September,BERITASATU.COM,National,Tier 3,https://www.beritasatu.com/nasional/3029053/tok-hukuman-nadiem-makarim-dipangkas-jadi-9-tahun,Tok! Hukuman Nadiem Makarim Dipangkas Jadi 9 Tahun,"Jakarta, Beritasatu.com - Majelis hakim Pengadilan Tinggi (PT) Jakarta tetap menyatakan mantan Menteri Pendidikan, Kebudayaan, Riset, dan Teknologi (Mendikbudristek) Nadiem Anwar Makarim bersalah dalam perkara korupsi pengadaan chromebook .

Dalam putusan banding, majelis hakim memangkas hukuman penjara Nadiem dari 10 tahun menjadi 9 tahun. Putusan tersebut dibacakan dalam persidangan di PT Jakarta, Kamis (24/9/2026).

“Menjatuhkan pidana kepada Terdakwa Nadiem Anwar Makarim dengan pidana penjara selama 9 tahun,” ucap hakim saat membacakan amar putusan.

Selain pidana penjara, Nadiem dijatuhi denda Rp 1 miliar. Apabila denda tersebut tidak dibayar, diganti dengan pidana kurungan selama 140 hari.

Dalam putusan banding, majelis hakim juga mengubah ketentuan mengenai uang pengganti yang harus dibayarkan Nadiem.

Nadiem sebelumnya mengajukan banding atas vonis 10 tahun penjara dalam perkara pengadaan laptop chromebook dan chrome device management (CDM) untuk program digitalisasi pendidikan di Kemendikbudristek periode 2019-2022.

Pada putusan tingkat pertama, selain pidana penjara dan denda Rp 1 miliar subsider 190 hari kurungan, Nadiem juga diwajibkan membayar uang pengganti sebesar Rp 809,59 miliar subsider 5 tahun penjara.

Dalam putusan banding, majelis hakim menyatakan Nadiem terbukti melanggar Pasal 604 KUHP.

Nadiem disebut menerima uang dari PT Aplikasi Karya Anak Bangsa (PT AKAB) melalui PT Gojek Indonesia. Mayoritas dana PT AKAB disebut berasal dari investasi Google senilai US$ 786,99 juta.

Majelis hakim menyatakan Nadiem terbukti menyalahgunakan wewenang dalam pengadaan chromebook dan CDM sehingga menimbulkan kerugian keuangan negara.

Kerugian negara dalam perkara tersebut disebut mencapai Rp 1,56 triliun.

Putusan PT Jakarta tersebut mengubah hukuman yang sebelumnya dijatuhkan Pengadilan Tipikor pada Pengadilan Negeri Jakarta Pusat, tetapi tetap menyatakan Nadiem Makarim bersalah dalam perkara korupsi pengadaan chromebook .

Fadia Arafiq Dituntut 5 Tahun, Jaksa Minta Hak Politik Dicabut

Viral Larangan Merokok di Pantai Pangandaran dengan Denda Rp 50 Juta

Ramadan 2027 Sudah Dekat, Kapan Batas Akhir Bayar Utang Puasa?

Anak Krakatau Tambah Daratan 32,8 Hektare setelah Erupsi 25 Jam

Rupiah Tertekan karena Pasar Ambil Sikap Wait and See

Identifikasi Jenazah ABK Arupadhatu 1

BI Pertahankan Suku Bunga Acuan

Pencarian Korban Banjir Bandang di Solok Sumatra Barat

Support System Perempuan di Perjalanan Menjadi Seorang Ibu

El Nino Menguji Ketahanan Pangan

Pemerintah Sehat Membutuhkan Vitamin Berupa Kritik

BPI Danantara untuk Pembiayaan Infrastruktur Domestik

Ketika Kecerdasan Kehilangan Kemanusiaan",Edward Febriyatri Kusuma,Negative,,
"Sep 24, 2026",September,INILAHJATENG.COM,Regional,Tier 3,https://inilahjateng.com/nadiem-jalani-sidang-banding-vonis-10-tahun-kasus-chromebook/,Nadiem Jalani Sidang Banding Vonis 10 Tahun Kasus Chromebook,"Nadiem Anwar Makarim menjalani sidang putusan banding atas vonis 10 tahun penjara dalam perkara korupsi pengadaan Chromebook di Pengadilan Tinggi DKI Jakarta, Kamis (24/9/2026).

Pengadilan Tinggi DKI Jakarta menjadwalkan sidang putusan banding Nadiem mulai pukul 10.00 WIB. Juru Bicara PT DKI Jakarta Catur Iriantoro menyampaikan jadwal tersebut kepada wartawan di Jakarta.

Sidang banding Nadiem berlangsung setelah Pengadilan Tipikor pada Pengadilan Negeri Jakarta Pusat menjatuhkan vonis 10 tahun penjara pada 30 Juni 2026.

Majelis hakim tingkat pertama menyatakan Nadiem terbukti melakukan tindak pidana korupsi secara bersama-sama dalam perkara pengadaan Chromebook dan Chrome Device Management (CDM).

Ketua Majelis Subachran Hardi Mulyana memimpin sidang putusan banding Nadiem. Ia mendapat pendampingan hakim anggota Catur Iriantoro dan Hotma Maya Marbun.

Sebelumnya, tim penasihat hukum Nadiem mengajukan banding terhadap putusan Pengadilan Tipikor Jakarta Pusat.

Jaksa penuntut umum juga mengajukan banding sehingga majelis hakim tingkat banding memeriksa permohonan dari kedua pihak.

Dalam permohonan banding, tim hukum Nadiem meminta majelis hakim membatalkan putusan tingkat pertama.

Tim hukum juga meminta hakim menyatakan Nadiem tidak terbukti melakukan tindak pidana sebagaimana dakwaan jaksa.

Sementara itu, jaksa meminta perubahan putusan tingkat pertama, termasuk terkait kualifikasi pasal, pidana, dan uang pengganti. Jaksa juga meminta hukuman Nadiem menjadi 18 tahun penjara.

Majelis hakim tingkat pertama menjatuhkan hukuman 10 tahun penjara kepada Nadiem.

Hakim juga menjatuhkan denda Rp1 miliar dengan ketentuan pengganti 190 hari penjara.

Selain itu, hakim mewajibkan Nadiem membayar uang pengganti sebesar Rp809,59 miliar.

Hakim menetapkan pidana penjara lima tahun sebagai pengganti apabila Nadiem tidak memenuhi kewajiban tersebut sesuai ketentuan putusan.

Majelis hakim juga menyatakan perkara pengadaan Chromebook menimbulkan kerugian keuangan negara sekitar Rp1,56 triliun. Hakim merujuk hasil audit BPKP dalam menghitung kerugian tersebut.

Perkara Nadiem berkaitan dengan program digitalisasi pendidikan melalui pengadaan laptop Chromebook dan Chrome Device Management di lingkungan Kemendikbudristek pada periode 2019-2022.

Majelis hakim tingkat pertama menilai proses pengadaan sarana pembelajaran berbasis teknologi tersebut tidak berjalan sesuai perencanaan dan prinsip pengadaan. Hakim kemudian menyatakan Nadiem melakukan tindak pidana korupsi secara bersama-sama.

Jaksa sebelumnya menuntut Nadiem dengan hukuman 18 tahun penjara. Namun, majelis hakim tingkat pertama menjatuhkan hukuman 10 tahun penjara serta denda dan uang pengganti.

Salah satu poin penting dalam perkara Chromebook menyangkut uang pengganti Rp809,59 miliar.

Majelis hakim tingkat pertama mengaitkan nilai tersebut dengan aliran dana dari PT Aplikasi Karya Anak Bangsa atau PT AKAB melalui PT Gojek Indonesia.

Menurut keterangan hakim, dana tersebut berasal dari investasi Google yang masuk ke PT AKAB.

Hakim kemudian memasukkan nilai tersebut dalam pertimbangan pemberian uang pengganti kepada Nadiem.

Namun, dalam proses banding, tim penasihat hukum Nadiem kembali mempersoalkan sejumlah fakta dan bukti dalam perkara tersebut.

Salah satu saksi tambahan, Andri Sulistyo, memberikan keterangan mengenai kepemilikan saham Nadiem di PT AKAB serta transaksi sekitar Rp809 miliar dari PT AKAB kepada PT Gojek Indonesia.

Dengan demikian, sidang putusan banding Nadiem menjadi tahap penting dalam perkara Chromebook.

Tim hukum Nadiem meminta pembatalan putusan tingkat pertama, sedangkan jaksa meminta perubahan putusan dengan tuntutan hukuman yang lebih berat.

Nadiem sebelumnya menyatakan tim hukumnya telah berupaya membuktikan tidak adanya kerugian negara, konflik kepentingan, maupun aliran dana kepadanya.

Pernyataan tersebut menjadi bagian dari sikap Nadiem dalam menghadapi proses hukum di tingkat banding.

Kini, majelis hakim Pengadilan Tinggi DKI Jakarta memeriksa seluruh materi banding sebelum menentukan putusan.

Putusan tersebut akan menentukan perkembangan terbaru perkara korupsi Chromebook yang menjerat mantan Mendikbudristek periode 2019-2024 itu. (*)",Takhrodjie,Negative,Catur Iriantoro,Catur Iriantoro (direct)
"Sep 24, 2026",September,LANGIT7.ID,National,Tier 3,https://langit7.id/read/62405/1/putusan-banding-nadiem-beban-uang-pengganti-bergeser-ke-google-dan-distributor-dan-besarnya-rp-548-miliar-1790233784,Putusan Banding Nadiem: Beban Uang Pengganti Bergeser ke Google...,"LANGIT7.ID-Jakarta; Majelis hakim Pengadilan Tinggi Jakarta tidak hanya meringankan hukuman Nadiem Makarim, tetapi juga mengubah peta pertanggungjawaban dalam kasus korupsi pengadaan laptop Chromebook. Dalam putusan banding yang dibacakan Kamis (24/9/2026), uang pengganti yang dibebankan kepada mantan Mendikbudristek itu turun dari Rp 809 miliar menjadi Rp 548 miliar. Namun yang lebih menarik, hakim menegaskan bahwa pemulihan kerugian negara tidak boleh hanya ditanggung oleh satu pihak. Google sebagai pemegang lisensi Chrome OS dan CDM, serta distributor dan koperasi penyedia laptop, ikut dibebani kewajiban membayar uang pengganti secara proporsional. Pembagian Beban yang Proporsional Hakim memaparkan kerugian negara dalam kasus ini mencapai Rp 1,5 triliun. Dari jumlah itu, Nadiem sebagai pelaku utama dibebankan 35%, sementara distributor 15%. ""Pihak Google sebagai penerima keuntungan dengan pemakaian lisensi Chrome OS dan CDM dibebankan membayar uang pengganti 50% dari total kerugian negara dikurangkan dengan uang pengganti yang dibayarkan pelaku turut serta,"" ujar hakim. Hakim menekankan bahwa penjatuhan pidana tambahan harus tetap memperhatikan asas proporsionalitas dan individualisasi pidana. Menurutnya, pembebanan tanggung jawab tidak boleh melampaui peran terdakwa dalam tindak pidana yang terbukti. ""Terdakwa selaku Menteri Kemendikbud sebagai pelaku utama dalam tindak pidana penyertaan pada pengadaan TIK di Kemendikbud harus bertanggung jawab dalam mengembalikan posisi keuangan negara seperti pada keadaan semula. Selain itu, pihak-pihak yang diuntungkan seperti Google dan prinsipal serta distributor atau koperasi penyedia laptop Chromebook juga dibebankan untuk membayar uang pengganti secara proporsional,"" ujar hakim. Keringanan Hukuman dan Sisa Kewajiban Selain pemotongan uang pengganti, hukuman penjara Nadiem juga berkurang dari 10 tahun menjadi 9 tahun. Ia tetap diwajibkan membayar denda Rp 1 miliar. Jika uang pengganti tidak dibayar, harta benda Nadiem akan dirampas dan dilelang. Bila tidak mencukupi, ia harus menjalani hukuman tambahan 6 tahun penjara. Hakim juga mencatat sejumlah pembayaran yang telah dilakukan pihak lain: Mulyatsah Rp 2,2 miliar, Ibrahim Arief Rp 5 miliar, Harnowo Rp 300 juta, dan Nia Rp 250 juta. Dengan putusan ini, fokus kasus Chromebook bergeser: bukan lagi semata soal besarnya hukuman Nadiem, melainkan bagaimana negara menuntut pertanggungjawaban dari korporasi dan pihak yang menikmati keuntungan ilegal dari proyek tersebut.(*/saf/dtk) (lam)",tim langit 7,Negative,,
